company_name_j,company_type,industry
메디트,중견기업,기타 주변기기 제조업
메디트,주식회사,기타 주변기기 제조업
메디트,병역특례 인증업체,기타 주변기기 제조업
메디트,수출입 기업,기타 주변기기 제조업
블루개러지,중소기업,그 외 기타 상품 전문 도매업
스마트푸드네트웍스,중견기업,"화물운송 중개, 대리 및 관련 서비스업"
스마트푸드네트웍스,주식회사,"화물운송 중개, 대리 및 관련 서비스업"
텐빌리언,"",쇼핑몰·오픈마켓
더스윙,중소기업,응용 소프트웨어 개발 및 공급업
더스윙,외국인 투자기업,응용 소프트웨어 개발 및 공급업
더스윙,주식회사,응용 소프트웨어 개발 및 공급업
더스윙,연구소,응용 소프트웨어 개발 및 공급업
더스윙,병역특례 인증업체,응용 소프트웨어 개발 및 공급업
스패로우,중소기업,응용 소프트웨어 개발 및 공급업
스패로우,주식회사,응용 소프트웨어 개발 및 공급업
소프트넷,스타트업,컴퓨터시스템 통합 자문 및 구축 서비스업
소프트넷,중소기업,컴퓨터시스템 통합 자문 및 구축 서비스업
소프트넷,주식회사,컴퓨터시스템 통합 자문 및 구축 서비스업
데이터메이커,중소기업,전기ㆍ전자공학 연구개발업
쓰리아이,중소기업,응용 소프트웨어 개발 및 공급업
쓰리아이,병역특례 인증업체,응용 소프트웨어 개발 및 공급업
쓰리아이,수출입 기업,응용 소프트웨어 개발 및 공급업
크리스틴컴퍼니,중소기업,구두류 제조업
크리스틴컴퍼니,주식회사,구두류 제조업
크리스틴컴퍼니,수출입 기업,구두류 제조업
리비바이오,중소기업,데이터베이스 및 온라인정보 제공업
서플러스글로벌,중견기업,기타 산업용 기계 및 장비 도매업
서플러스글로벌,코스닥,기타 산업용 기계 및 장비 도매업
서플러스글로벌,주식회사,기타 산업용 기계 및 장비 도매업
서플러스글로벌,수출입 기업,기타 산업용 기계 및 장비 도매업
서울거래,중소기업,컴퓨터 프로그래밍 서비스업
서울거래,주식회사,컴퓨터 프로그래밍 서비스업
이비즈테크,중소기업,"컴퓨터 및 주변장치, 소프트웨어 도매업"
에프엘이에스,중소기업,응용 소프트웨어 개발 및 공급업
에프엘이에스,주식회사,응용 소프트웨어 개발 및 공급업
더블미디어,중소기업,위성 및 기타 방송업
페이앤스토어,중소기업,포털 및 기타 인터넷 정보매개 서비스업
페이앤스토어,주식회사,포털 및 기타 인터넷 정보매개 서비스업
위펀,중소기업,""
위펀,주식회사,""
오래,스타트업,컴퓨터시스템 통합 자문 및 구축 서비스업
오래,중소기업,컴퓨터시스템 통합 자문 및 구축 서비스업
오래,주식회사,컴퓨터시스템 통합 자문 및 구축 서비스업
오투플러스,중소기업,컴퓨터 프로그래밍 서비스업
클로봇,스타트업,응용 소프트웨어 개발 및 공급업
클로봇,중소기업,응용 소프트웨어 개발 및 공급업
클로봇,코스닥,응용 소프트웨어 개발 및 공급업
클로봇,주식회사,응용 소프트웨어 개발 및 공급업
클로봇,연구소,응용 소프트웨어 개발 및 공급업
클로봇,병역특례 인증업체,응용 소프트웨어 개발 및 공급업
스카이월드와이드,중소기업,응용 소프트웨어 개발 및 공급업
스카이월드와이드,코스닥,응용 소프트웨어 개발 및 공급업
스카이월드와이드,주식회사,응용 소프트웨어 개발 및 공급업
스카이월드와이드,연구소,응용 소프트웨어 개발 및 공급업
디어유,중견기업,응용 소프트웨어 개발 및 공급업
디어유,코스닥,응용 소프트웨어 개발 및 공급업
디어유,주식회사,응용 소프트웨어 개발 및 공급업
오프리메드,중소기업,응용 소프트웨어 개발 및 공급업
오프리메드,주식회사,응용 소프트웨어 개발 및 공급업
오프리메드,연구소,응용 소프트웨어 개발 및 공급업
에스티씨랩,"",""
씨메스,중소기업,그 외 기타 특수목적용 기계 제조업
씨메스,코스닥,그 외 기타 특수목적용 기계 제조업
씨메스,주식회사,그 외 기타 특수목적용 기계 제조업
씨메스,외부감사법인,그 외 기타 특수목적용 기계 제조업
씨메스,병역특례 인증업체,그 외 기타 특수목적용 기계 제조업
씨메스,수출입 기업,그 외 기타 특수목적용 기계 제조업
피아스페이스,중소기업,응용 소프트웨어 개발 및 공급업
피아스페이스,주식회사,응용 소프트웨어 개발 및 공급업
라텔앤드파트너즈,중소기업,응용 소프트웨어 개발 및 공급업
버즈니,스타트업,응용 소프트웨어 개발 및 공급업
버즈니,중소기업,응용 소프트웨어 개발 및 공급업
버즈니,연구소,응용 소프트웨어 개발 및 공급업
버즈니,병역특례 인증업체,응용 소프트웨어 개발 및 공급업
WATA Inc.,스타트업,응용 소프트웨어 개발 및 공급업
WATA Inc.,중소기업,응용 소프트웨어 개발 및 공급업
WATA Inc.,주식회사,응용 소프트웨어 개발 및 공급업
WATA Inc.,수출입 기업,응용 소프트웨어 개발 및 공급업
삼영기업,중견기업,내부 전기배선 공사업
삼영기업,주식회사,내부 전기배선 공사업
핀즐,중소기업,솔루션·SI·ERP·CRM
핀즐,주식회사,솔루션·SI·ERP·CRM
비바이노베이션,중소기업,시스템 소프트웨어 개발 및 공급업
비바이노베이션,주식회사,시스템 소프트웨어 개발 및 공급업
이지스엔터프라이즈,중견기업,그 외 기타 금융 지원 서비스업
이지스엔터프라이즈,외부감사법인,그 외 기타 금융 지원 서비스업
이브릿지,중소기업,광고 대행업
브릭,중소기업,""
브릭,주식회사,""
브릭,수출입 기업,""
컨두잇,중소기업,포털 및 기타 인터넷 정보매개 서비스업
트리페이네트웍스,중소기업,그 외 기타 기계 및 장비 도매업
아이디에스앤트러스트,중소기업,응용 소프트웨어 개발 및 공급업
아이디에스앤트러스트,외부감사법인,응용 소프트웨어 개발 및 공급업
딥노이드,중소기업,응용 소프트웨어 개발 및 공급업
딥노이드,코스닥,응용 소프트웨어 개발 및 공급업
딥노이드,주식회사,응용 소프트웨어 개발 및 공급업
딥노이드,외부감사법인,응용 소프트웨어 개발 및 공급업
딥노이드,병역특례 인증업체,응용 소프트웨어 개발 및 공급업
아이오트러스트,스타트업,컴퓨터 프로그래밍 서비스업
아이오트러스트,중소기업,컴퓨터 프로그래밍 서비스업
아이오트러스트,주식회사,컴퓨터 프로그래밍 서비스업
티투엘,중소기업,응용 소프트웨어 개발 및 공급업
티투엘,주식회사,응용 소프트웨어 개발 및 공급업
티투엘,수출입 기업,응용 소프트웨어 개발 및 공급업
뷰리드 강남오피스,"",광고·홍보·전시
엔피아이네트웍스,중소기업,"컴퓨터 및 주변장치, 소프트웨어 도매업"
가온브로드밴드,중견기업,기타 무선 통신장비 제조업
가온브로드밴드,주식회사,기타 무선 통신장비 제조업
코워커넷,중소기업,응용 소프트웨어 개발 및 공급업
코워커넷,주식회사,응용 소프트웨어 개발 및 공급업
인터엑스,중소기업,응용 소프트웨어 개발 및 공급업
인터엑스,주식회사,응용 소프트웨어 개발 및 공급업
인터엑스,병역특례 인증업체,응용 소프트웨어 개발 및 공급업
한국네트웍스,대기업,컴퓨터시스템 통합 자문 및 구축 서비스업
한국네트웍스,외부감사법인,컴퓨터시스템 통합 자문 및 구축 서비스업
한국네트웍스,수출입 기업,컴퓨터시스템 통합 자문 및 구축 서비스업
에이아이썸,스타트업,응용 소프트웨어 개발 및 공급업
에이아이썸,중소기업,응용 소프트웨어 개발 및 공급업
에이아이썸,주식회사,응용 소프트웨어 개발 및 공급업
에이아이썸,수출입 기업,응용 소프트웨어 개발 및 공급업
유모델러,중소기업,유선 온라인 게임 소프트웨어 개발 및 공급업
유모델러,주식회사,유선 온라인 게임 소프트웨어 개발 및 공급업
유모델러,수출입 기업,유선 온라인 게임 소프트웨어 개발 및 공급업
다우기술,1000대기업,포털 및 기타 인터넷 정보매개 서비스업
다우기술,중견기업,포털 및 기타 인터넷 정보매개 서비스업
다우기술,코스피,포털 및 기타 인터넷 정보매개 서비스업
다우기술,외부감사법인,포털 및 기타 인터넷 정보매개 서비스업
다우기술,수출입 기업,포털 및 기타 인터넷 정보매개 서비스업
미디어로그,대기업,유선 통신업
딜리버리랩,중소기업,응용 소프트웨어 개발 및 공급업
딜리버리랩,주식회사,응용 소프트웨어 개발 및 공급업
엑심베이,중소기업,그 외 기타 금융 지원 서비스업
엑심베이,주식회사,그 외 기타 금융 지원 서비스업
엑심베이,병역특례 인증업체,그 외 기타 금융 지원 서비스업
이우소프트,중소기업,컴퓨터 프로그래밍 서비스업
비글즈,중소기업,포털 및 기타 인터넷 정보매개 서비스업
비글즈,주식회사,포털 및 기타 인터넷 정보매개 서비스업
웨어러블에이아이,중소기업,솔루션·SI·ERP·CRM
웨어러블에이아이,주식회사,솔루션·SI·ERP·CRM
유진로봇,"",산업용 로봇 제조업
보미오라한의원,중소기업,한의원
보미오라한의원,주식회사,한의원
보미오라한의원,병원/의료기관,한의원
보미오라한의원,수출입 기업,한의원
어뮤즈랩,중소기업,응용 소프트웨어 개발 및 공급업
어뮤즈랩,주식회사,응용 소프트웨어 개발 및 공급업
핀다,스타트업,데이터베이스 및 온라인정보 제공업
핀다,중소기업,데이터베이스 및 온라인정보 제공업
핀다,병역특례 인증업체,데이터베이스 및 온라인정보 제공업
아이도트,중소기업,응용 소프트웨어 개발 및 공급업
아이도트,주식회사,응용 소프트웨어 개발 및 공급업
아이도트,수출입 기업,응용 소프트웨어 개발 및 공급업
이스트소프트,"",응용 소프트웨어 개발 및 공급업
애드크림,중소기업,데이터베이스 및 온라인정보 제공업
애드크림,주식회사,데이터베이스 및 온라인정보 제공업
로지소프트,중소기업,응용 소프트웨어 개발 및 공급업
로지소프트,유한회사,응용 소프트웨어 개발 및 공급업
시스콘,중소기업,""
시스콘,주식회사,""
시스콘,병역특례 인증업체,""
센트비,스타트업,그 외 기타 금융 지원 서비스업
에이아이웍스,스타트업,응용 소프트웨어 개발 및 공급업
에이아이웍스,중소기업,응용 소프트웨어 개발 및 공급업
에이아이웍스,주식회사,응용 소프트웨어 개발 및 공급업
에이아이웍스,병역특례 인증업체,응용 소프트웨어 개발 및 공급업
비욘드메디슨,중소기업,의학 및 약학 연구개발업
비욘드메디슨,주식회사,의학 및 약학 연구개발업
비욘드메디슨,사단법인,의학 및 약학 연구개발업
비욘드메디슨,연구소,의학 및 약학 연구개발업
넥서스커뮤니티,"",응용 소프트웨어 개발 및 공급업
인코칭,"",직원훈련기관
숲,중견기업,시스템 소프트웨어 개발 및 공급업
숲,코스닥,시스템 소프트웨어 개발 및 공급업
숲,외부감사법인,시스템 소프트웨어 개발 및 공급업
숲,수출입 기업,시스템 소프트웨어 개발 및 공급업
제네시스네스트,중소기업,응용 소프트웨어 개발 및 공급업
제네시스네스트,주식회사,응용 소프트웨어 개발 및 공급업
제네시스네스트,연구소,응용 소프트웨어 개발 및 공급업
이투비비,중소기업,그 외 기타 전자부품 제조업
이투비비,주식회사,그 외 기타 전자부품 제조업
이투비비,연구소,그 외 기타 전자부품 제조업
텐핑거스,스타트업,응용 소프트웨어 개발 및 공급업
텐핑거스,중소기업,응용 소프트웨어 개발 및 공급업
텐핑거스,주식회사,응용 소프트웨어 개발 및 공급업
텐핑거스,병역특례 인증업체,응용 소프트웨어 개발 및 공급업
프라이빗테크놀로지,중소기업,시스템 소프트웨어 개발 및 공급업
이파피루스,중소기업,응용 소프트웨어 개발 및 공급업
이파피루스,주식회사,응용 소프트웨어 개발 및 공급업
이파피루스,병역특례 인증업체,응용 소프트웨어 개발 및 공급업
디플래닉스,중견기업,자료 처리업
디플래닉스,주식회사,자료 처리업
디플래닉스,외부감사법인,자료 처리업
한국딥러닝,중소기업,시스템 소프트웨어 개발 및 공급업
한국딥러닝,주식회사,시스템 소프트웨어 개발 및 공급업
에스피코리아,중소기업,광고 영화 및 비디오물 제작업
에스피코리아,주식회사,광고 영화 및 비디오물 제작업
에스피코리아,사단법인,광고 영화 및 비디오물 제작업
제논,중소기업,경영 컨설팅업
제논,주식회사,경영 컨설팅업
제논,병역특례 인증업체,경영 컨설팅업
부스터스,"",""
콜로세움코퍼레이션,중소기업,기타 보관 및 창고업
에스엠해썹,중소기업,컴퓨터시스템 통합 자문 및 구축 서비스업
에스엠해썹,주식회사,컴퓨터시스템 통합 자문 및 구축 서비스업
베스텔라랩,중소기업,응용 소프트웨어 개발 및 공급업
베스텔라랩,주식회사,응용 소프트웨어 개발 및 공급업
리만코리아,중견기업,""
리만코리아,주식회사,""
리만코리아,외부감사법인,""
데이터드리븐,스타트업,컴퓨터시스템 통합 자문 및 구축 서비스업
데이터드리븐,주식회사,컴퓨터시스템 통합 자문 및 구축 서비스업
오픈소스컨설팅,중소기업,응용 소프트웨어 개발 및 공급업
오픈소스컨설팅,주식회사,응용 소프트웨어 개발 및 공급업
미투온,중소기업,유선 온라인 게임 소프트웨어 개발 및 공급업
미투온,코스닥,유선 온라인 게임 소프트웨어 개발 및 공급업
미투온,주식회사,유선 온라인 게임 소프트웨어 개발 및 공급업
미투온,사단법인,유선 온라인 게임 소프트웨어 개발 및 공급업
대진정보통신,중소기업,""
라온피플,스타트업,응용 소프트웨어 개발 및 공급업
라온피플,중소기업,응용 소프트웨어 개발 및 공급업
라온피플,코스닥,응용 소프트웨어 개발 및 공급업
라온피플,주식회사,응용 소프트웨어 개발 및 공급업
라온피플,외부감사법인,응용 소프트웨어 개발 및 공급업
라온피플,연구소,응용 소프트웨어 개발 및 공급업
라온피플,병역특례 인증업체,응용 소프트웨어 개발 및 공급업
라온피플,수출입 기업,응용 소프트웨어 개발 및 공급업
신보,중견기업,일반전기 공사업
신보,주식회사,일반전기 공사업
신보,외부감사법인,일반전기 공사업
(주)퓨쳐스콜레,중소기업,시스템 소프트웨어 개발 및 공급업
(주)퓨쳐스콜레,주식회사,시스템 소프트웨어 개발 및 공급업
올거나이즈코리아,스타트업,데이터베이스 및 온라인정보 제공업
지니언스,중소기업,응용 소프트웨어 개발 및 공급업
지니언스,코스닥,응용 소프트웨어 개발 및 공급업
지니언스,주식회사,응용 소프트웨어 개발 및 공급업
지니언스,외부감사법인,응용 소프트웨어 개발 및 공급업
지니언스,병역특례 인증업체,응용 소프트웨어 개발 및 공급업
지니언스,수출입 기업,응용 소프트웨어 개발 및 공급업
에피소든,중소기업,기타 정보 서비스업
에피소든,외국인 투자기업,기타 정보 서비스업
에피소든,주식회사,기타 정보 서비스업
에이아이콴텍,중소기업,투자 자문업 및 투자 일임업
에이아이콴텍,주식회사,투자 자문업 및 투자 일임업
센트비,중소기업,그 외 기타 금융 지원 서비스업
센트비,주식회사,그 외 기타 금융 지원 서비스업
센트비,병역특례 인증업체,그 외 기타 금융 지원 서비스업
빌드코퍼레이션,중소기업,그 외 기타 정보 서비스업
씨앤유글로벌,중소기업,유선 통신장비 제조업
씨앤유글로벌,주식회사,유선 통신장비 제조업
크레버스,중견기업,외국어학원
크레버스,코스닥,외국어학원
크레버스,외부감사법인,외국어학원
러닝포인트,중소기업,그 외 기타 스포츠 서비스업
러닝포인트,주식회사,그 외 기타 스포츠 서비스업
코닉글로리,중소기업,응용 소프트웨어 개발 및 공급업
위버케어,스타트업,""
위버케어,주식회사,""
위버케어,병역특례 인증업체,""
온블록,중소기업,응용 소프트웨어 개발 및 공급업
온블록,외국인 투자기업,응용 소프트웨어 개발 및 공급업
온블록,주식회사,응용 소프트웨어 개발 및 공급업
언에이아이,중소기업,응용 소프트웨어 개발 및 공급업
언에이아이,주식회사,응용 소프트웨어 개발 및 공급업
사이버다임,중소기업,응용 소프트웨어 개발 및 공급업
사이버다임,주식회사,응용 소프트웨어 개발 및 공급업
사이버다임,외부감사법인,응용 소프트웨어 개발 및 공급업
사이버다임,수출입 기업,응용 소프트웨어 개발 및 공급업
유비퍼스트대원,중소기업,무선 및 위성 통신업
트러스트,중소기업,응용 소프트웨어 개발 및 공급업
트러스트,주식회사,응용 소프트웨어 개발 및 공급업
트러스트,연구소,응용 소프트웨어 개발 및 공급업
에쓰씨케이,"","컴퓨터 및 주변장치, 소프트웨어 도매업"
엠로,중소기업,응용 소프트웨어 개발 및 공급업
엠로,코스닥,응용 소프트웨어 개발 및 공급업
엠로,주식회사,응용 소프트웨어 개발 및 공급업
엠로,외부감사법인,응용 소프트웨어 개발 및 공급업
엠로,병역특례 인증업체,응용 소프트웨어 개발 및 공급업
판도라티비,중소기업,시스템 소프트웨어 개발 및 공급업
판도라티비,코넥스,시스템 소프트웨어 개발 및 공급업
판도라티비,주식회사,시스템 소프트웨어 개발 및 공급업
벤디트,중소기업,솔루션·SI·ERP·CRM
벤디트,주식회사,솔루션·SI·ERP·CRM
벤디트,연구소,솔루션·SI·ERP·CRM
송암시스콤,"",유선 통신장비 제조업
한국비즈넷,중소기업,시스템 소프트웨어 개발 및 공급업
한국비즈넷,주식회사,시스템 소프트웨어 개발 및 공급업
한국비즈넷,연구소,시스템 소프트웨어 개발 및 공급업
한국비즈넷,병역특례 인증업체,시스템 소프트웨어 개발 및 공급업
퍼퓸그라피,스타트업,"화장품, 비누 및 방향제 소매업"
퍼퓸그라피,중소기업,"화장품, 비누 및 방향제 소매업"
디윅스,중소기업,응용 소프트웨어 개발 및 공급업
디윅스,주식회사,응용 소프트웨어 개발 및 공급업
스콥정보통신,중소기업,응용 소프트웨어 개발 및 공급업
스콥정보통신,수출입 기업,응용 소프트웨어 개발 및 공급업
비즈톡,중소기업,응용 소프트웨어 개발 및 공급업
비즈톡,주식회사,응용 소프트웨어 개발 및 공급업
비즈톡,병역특례 인증업체,응용 소프트웨어 개발 및 공급업
픽켓팅,중소기업,포털 및 기타 인터넷 정보매개 서비스업
코보시스,중소기업,시스템 소프트웨어 개발 및 공급업
코보시스,주식회사,시스템 소프트웨어 개발 및 공급업
코보시스,사단법인,시스템 소프트웨어 개발 및 공급업
코보시스,연구소,시스템 소프트웨어 개발 및 공급업
유니아이,중소기업,응용 소프트웨어 개발 및 공급업
유니아이,주식회사,응용 소프트웨어 개발 및 공급업
컬쳐히어로,스타트업,응용 소프트웨어 개발 및 공급업
컬쳐히어로,중소기업,응용 소프트웨어 개발 및 공급업
컬쳐히어로,사단법인,응용 소프트웨어 개발 및 공급업
마카롱팩토리,스타트업,포털 및 기타 인터넷 정보매개 서비스업
마카롱팩토리,중소기업,포털 및 기타 인터넷 정보매개 서비스업
마카롱팩토리,주식회사,포털 및 기타 인터넷 정보매개 서비스업
트럼피아,중소기업,기타 게임 소프트웨어 개발 및 공급업
트럼피아,외국인 투자기업,기타 게임 소프트웨어 개발 및 공급업
트럼피아,주식회사,기타 게임 소프트웨어 개발 및 공급업
트럼피아,수출입 기업,기타 게임 소프트웨어 개발 및 공급업
아이트럭,중소기업,컴퓨터시스템 통합 자문 및 구축 서비스업
아이트럭,주식회사,컴퓨터시스템 통합 자문 및 구축 서비스업
심플사파리,중소기업,기타 여행보조 및 예약 서비스업
플래티어,중소기업,응용 소프트웨어 개발 및 공급업
플래티어,코스닥,응용 소프트웨어 개발 및 공급업
플래티어,주식회사,응용 소프트웨어 개발 및 공급업
뮤즈블라썸,중소기업,그 외 기타 정보 서비스업
노아시스템즈,중소기업,시스템 소프트웨어 개발 및 공급업
하이카이브,중소기업,응용 소프트웨어 개발 및 공급업
필라넷,스타트업,컴퓨터시스템 통합 자문 및 구축 서비스업
필라넷,중소기업,컴퓨터시스템 통합 자문 및 구축 서비스업
필라넷,주식회사,컴퓨터시스템 통합 자문 및 구축 서비스업
필라넷,외부감사법인,컴퓨터시스템 통합 자문 및 구축 서비스업
필라넷,연구소,컴퓨터시스템 통합 자문 및 구축 서비스업
필라넷,병역특례 인증업체,컴퓨터시스템 통합 자문 및 구축 서비스업
아인잡,중소기업,응용 소프트웨어 개발 및 공급업
아인잡,주식회사,응용 소프트웨어 개발 및 공급업
혜움,중소기업,시스템 소프트웨어 개발 및 공급업
혜움,주식회사,시스템 소프트웨어 개발 및 공급업
큐픽스,스타트업,응용 소프트웨어 개발 및 공급업
큐픽스,중소기업,응용 소프트웨어 개발 및 공급업
큐픽스,주식회사,응용 소프트웨어 개발 및 공급업
큐픽스,병역특례 인증업체,응용 소프트웨어 개발 및 공급업
에이치케이로지스틱스,중소기업,데이터베이스 및 온라인정보 제공업
에이치케이로지스틱스,주식회사,데이터베이스 및 온라인정보 제공업
푸딘코,중소기업,응용 소프트웨어 개발 및 공급업
오픈헬스케어,중소기업,경영 컨설팅업
블루엘리펀트,중소기업,안경 및 안경렌즈 제조업
블루엘리펀트,주식회사,안경 및 안경렌즈 제조업
블루엘리펀트,수출입 기업,안경 및 안경렌즈 제조업
피플리,중소기업,응용 소프트웨어 개발 및 공급업
피플리,주식회사,응용 소프트웨어 개발 및 공급업
호패,중소기업,응용 소프트웨어 개발 및 공급업
호패,주식회사,응용 소프트웨어 개발 및 공급업
파이오링크,중소기업,유선 통신장비 제조업
파이오링크,코스닥,유선 통신장비 제조업
파이오링크,주식회사,유선 통신장비 제조업
파이오링크,외부감사법인,유선 통신장비 제조업
파이오링크,병역특례 인증업체,유선 통신장비 제조업
파이오링크,수출입 기업,유선 통신장비 제조업
퍼플아카데미,중소기업,온라인 교육 학원
퍼플아카데미,주식회사,온라인 교육 학원
와이톤,중소기업,광고 대행업
와이톤,주식회사,광고 대행업
스토어링크,중소기업,응용 소프트웨어 개발 및 공급업
스토어링크,주식회사,응용 소프트웨어 개발 및 공급업
스토어링크,병역특례 인증업체,응용 소프트웨어 개발 및 공급업
트리플콤마,"",모바일 게임 소프트웨어 개발 및 공급업
(주)혁산정보시스템,스타트업,""
(주)혁산정보시스템,중소기업,""
(주)혁산정보시스템,주식회사,""
(주)혁산정보시스템,외부감사법인,""
제이티비씨,1000대기업,유선 방송업
제이티비씨,중견기업,유선 방송업
제이티비씨,외부감사법인,유선 방송업
벙커키즈,중소기업,응용 소프트웨어 개발 및 공급업
벙커키즈,주식회사,응용 소프트웨어 개발 및 공급업
벙커키즈,사단법인,응용 소프트웨어 개발 및 공급업
벳칭,중소기업,응용 소프트웨어 개발 및 공급업
벳칭,주식회사,응용 소프트웨어 개발 및 공급업
싸이프,중소기업,기타 반도체소자 제조업
싸이프,주식회사,기타 반도체소자 제조업
싸이프,외부감사법인,기타 반도체소자 제조업
싸이프,연구소,기타 반도체소자 제조업
야나두,기타,온라인 교육 학원
야나두,주식회사,온라인 교육 학원
휴먼에스,중소기업,상용 인력 공급 및 인사관리 서비스업
레벨나인,중소기업,응용 소프트웨어 개발 및 공급업
레벨나인,연구소,응용 소프트웨어 개발 및 공급업
블링크큐벡스핀,"",쇼핑몰·오픈마켓
낭만상회,중소기업,컴퓨터시스템 통합 자문 및 구축 서비스업
씨어스테크놀로지,스타트업,그 외 기타 의료용 기기 제조업
씨어스테크놀로지,중소기업,그 외 기타 의료용 기기 제조업
씨어스테크놀로지,코스닥,그 외 기타 의료용 기기 제조업
씨어스테크놀로지,주식회사,그 외 기타 의료용 기기 제조업
씨어스테크놀로지,연구소,그 외 기타 의료용 기기 제조업
씨어스테크놀로지,수출입 기업,그 외 기타 의료용 기기 제조업
누비랩,기타,응용 소프트웨어 개발 및 공급업
누비랩,주식회사,응용 소프트웨어 개발 및 공급업
누비랩,병역특례 인증업체,응용 소프트웨어 개발 및 공급업
키트웍스,스타트업,응용 소프트웨어 개발 및 공급업
키트웍스,중소기업,응용 소프트웨어 개발 및 공급업
키트웍스,주식회사,응용 소프트웨어 개발 및 공급업
네일톡톡,중소기업,그 외 기타 특수목적용 기계 제조업
네일톡톡,주식회사,그 외 기타 특수목적용 기계 제조업
네일톡톡,수출입 기업,그 외 기타 특수목적용 기계 제조업
큐어스트림,중소기업,""
아론티어,중소기업,응용 소프트웨어 개발 및 공급업
아론티어,주식회사,응용 소프트웨어 개발 및 공급업
아론티어,연구소,응용 소프트웨어 개발 및 공급업
아론티어,병역특례 인증업체,응용 소프트웨어 개발 및 공급업
하이테커,중소기업,""
하이테커,주식회사,""
톤28,스타트업,화장품 및 화장용품 도매업
톤28,중소기업,화장품 및 화장용품 도매업
톤28,주식회사,화장품 및 화장용품 도매업
넥스트챕터,중소기업,전자상거래 소매업
인베스티,중소기업,응용 소프트웨어 개발 및 공급업
인베스티,주식회사,응용 소프트웨어 개발 및 공급업
캔랩코리아,중소기업,응용 소프트웨어 개발 및 공급업
유리프트,중소기업,응용 소프트웨어 개발 및 공급업
유리프트,주식회사,응용 소프트웨어 개발 및 공급업
에이아이파크,중소기업,""
에이아이파크,주식회사,""
소테리아,중소기업,전기ㆍ전자공학 연구개발업
소테리아,주식회사,전기ㆍ전자공학 연구개발업
소테리아,외부감사법인,전기ㆍ전자공학 연구개발업
알라딘커뮤니케이션,1000대기업,전자상거래 소매업
알라딘커뮤니케이션,중견기업,전자상거래 소매업
알라딘커뮤니케이션,외부감사법인,전자상거래 소매업
에이치나인,중소기업,"그 외 기타 분류 안된 전문, 과학 및 기술 서비스업"
빅웨이브로보틱스,스타트업,응용 소프트웨어 개발 및 공급업
빅웨이브로보틱스,주식회사,응용 소프트웨어 개발 및 공급업
빅웨이브로보틱스,외부감사법인,응용 소프트웨어 개발 및 공급업
빅웨이브로보틱스,병역특례 인증업체,응용 소프트웨어 개발 및 공급업
맥스인포텍,중소기업,"컴퓨터 및 주변장치, 소프트웨어 도매업"
맥스인포텍,주식회사,"컴퓨터 및 주변장치, 소프트웨어 도매업"
에스에이티,"",기기용 자동측정 및 제어장치 제조업
페이워크,중소기업,데이터베이스 및 온라인정보 제공업
뷰런테크놀로지,중소기업,응용 소프트웨어 개발 및 공급업
뷰런테크놀로지,주식회사,응용 소프트웨어 개발 및 공급업
이노케어플러스,중소기업,응용 소프트웨어 개발 및 공급업
브이피피랩,중소기업,기타 정보기술 및 컴퓨터운영 관련 서비스업
위버스브레인,중소기업,응용 소프트웨어 개발 및 공급업
위버스브레인,주식회사,응용 소프트웨어 개발 및 공급업
위버스브레인,사단법인,응용 소프트웨어 개발 및 공급업
비솔,"","기타 측정, 시험, 항해, 제어 및 정밀기기 제조업"
EVAR,중소기업,기타 전기 변환장치 제조업
EVAR,주식회사,기타 전기 변환장치 제조업
데이원컴퍼니,중소기업,기타 기술 및 직업훈련학원
데이원컴퍼니,코스닥,기타 기술 및 직업훈련학원
채비,중소기업,기타 전기 변환장치 제조업
채비,주식회사,기타 전기 변환장치 제조업
채비,외부감사법인,기타 전기 변환장치 제조업
채비,수출입 기업,기타 전기 변환장치 제조업
더블유쇼핑,1000대기업,위성 및 기타 방송업
더블유쇼핑,중견기업,위성 및 기타 방송업
더블유쇼핑,주식회사,위성 및 기타 방송업
더블유쇼핑,외부감사법인,위성 및 기타 방송업
페니로이스,중소기업,경영 컨설팅업
페니로이스,주식회사,경영 컨설팅업
모비루스,중소기업,응용 소프트웨어 개발 및 공급업
모비루스,주식회사,응용 소프트웨어 개발 및 공급업
리뷰닷컴,"",광고·홍보·전시
두나미스아트테크놀로지스,중소기업,응용 소프트웨어 개발 및 공급업
씨드앤,중소기업,시스템 소프트웨어 개발 및 공급업
씨드앤,주식회사,시스템 소프트웨어 개발 및 공급업
씨드앤,연구소,시스템 소프트웨어 개발 및 공급업
모빌리티네트웍스,중소기업,차체 및 특장차 제조업
모빌리티네트웍스,주식회사,차체 및 특장차 제조업
모빌리티네트웍스,수출입 기업,차체 및 특장차 제조업
리트빅,중소기업,전기용 기계ㆍ장비 및 관련 기자재 도매업
리트빅,주식회사,전기용 기계ㆍ장비 및 관련 기자재 도매업
리트빅,수출입 기업,전기용 기계ㆍ장비 및 관련 기자재 도매업
피에프씨테크놀로지스,스타트업,그 외 기타 금융 지원 서비스업
피에프씨테크놀로지스,기타,그 외 기타 금융 지원 서비스업
피에프씨테크놀로지스,병역특례 인증업체,그 외 기타 금융 지원 서비스업
알비에치,중소기업,""
알비에치,주식회사,""
알비에치,수출입 기업,""
아타드,중소기업,응용 소프트웨어 개발 및 공급업
풀스택,중소기업,응용 소프트웨어 개발 및 공급업
풀스택,주식회사,응용 소프트웨어 개발 및 공급업
풀스택,연구소,응용 소프트웨어 개발 및 공급업
엠핀스,중소기업,그 외 기타 전자부품 제조업
이스트에이드,중소기업,포털 및 기타 인터넷 정보매개 서비스업
이스트에이드,코스닥,포털 및 기타 인터넷 정보매개 서비스업
이스트에이드,주식회사,포털 및 기타 인터넷 정보매개 서비스업
인피닉,중소기업,응용 소프트웨어 개발 및 공급업
인피닉,주식회사,응용 소프트웨어 개발 및 공급업
인피닉,연구소,응용 소프트웨어 개발 및 공급업
인피닉,병역특례 인증업체,응용 소프트웨어 개발 및 공급업
111퍼센트,중소기업,모바일 게임 소프트웨어 개발 및 공급업
엘아이지시스템,중견기업,응용 소프트웨어 개발 및 공급업
엘아이지시스템,외부감사법인,응용 소프트웨어 개발 및 공급업
이마고웍스,중소기업,응용 소프트웨어 개발 및 공급업
이마고웍스,주식회사,응용 소프트웨어 개발 및 공급업
한국디지털거래소,중소기업,응용 소프트웨어 개발 및 공급업
한국디지털거래소,주식회사,응용 소프트웨어 개발 및 공급업
메디플렉서스,중소기업,응용 소프트웨어 개발 및 공급업
메디플렉서스,주식회사,응용 소프트웨어 개발 및 공급업
하이퍼정보,중소기업,컴퓨터시설 관리업
하이퍼정보,주식회사,컴퓨터시설 관리업
이지케어텍,중소기업,응용 소프트웨어 개발 및 공급업
이지케어텍,코스닥,응용 소프트웨어 개발 및 공급업
이지케어텍,주식회사,응용 소프트웨어 개발 및 공급업
이지케어텍,병역특례 인증업체,응용 소프트웨어 개발 및 공급업
한우리아이티,중소기업,응용 소프트웨어 개발 및 공급업
한우리아이티,주식회사,응용 소프트웨어 개발 및 공급업
애자일소다,중소기업,응용 소프트웨어 개발 및 공급업
엘리펀트키즈에듀테인먼트,기타,유아·유치원
모빌린트,중소기업,자연과학 및 공학 융합 연구개발업
모빌린트,주식회사,자연과학 및 공학 융합 연구개발업
모빌린트,연구소,자연과학 및 공학 융합 연구개발업
모빌린트,병역특례 인증업체,자연과학 및 공학 융합 연구개발업
스타마타,스타트업,응용 소프트웨어 개발 및 공급업
스타마타,중소기업,응용 소프트웨어 개발 및 공급업
스타마타,주식회사,응용 소프트웨어 개발 및 공급업
에너자이,중소기업,""
에너자이,병역특례 인증업체,""
연합인포맥스,중견기업,데이터베이스 및 온라인정보 제공업
연합인포맥스,외부감사법인,데이터베이스 및 온라인정보 제공업
연합인포맥스,병역특례 인증업체,데이터베이스 및 온라인정보 제공업
싸이버로지텍,"",응용 소프트웨어 개발 및 공급업
에이엠스퀘어,중소기업,컴퓨터시스템 통합 자문 및 구축 서비스업
에이엠스퀘어,주식회사,컴퓨터시스템 통합 자문 및 구축 서비스업
플라잎,중소기업,시스템 소프트웨어 개발 및 공급업
플라잎,병역특례 인증업체,시스템 소프트웨어 개발 및 공급업
씨크코리아,중견기업,그 외 기타 기계 및 장비 도매업
씨크코리아,외국인 투자기업,그 외 기타 기계 및 장비 도매업
씨크코리아,수출입 기업,그 외 기타 기계 및 장비 도매업
글로벌시스템스,중소기업,방송장비 제조업
엑스페릭스,중소기업,그 외 기타 전자부품 제조업
엑스페릭스,코스닥,그 외 기타 전자부품 제조업
엑스페릭스,주식회사,그 외 기타 전자부품 제조업
액스비스,스타트업,전자 응용 절삭기계 제조업
액스비스,중소기업,전자 응용 절삭기계 제조업
액스비스,주식회사,전자 응용 절삭기계 제조업
액스비스,외부감사법인,전자 응용 절삭기계 제조업
액스비스,병역특례 인증업체,전자 응용 절삭기계 제조업
액스비스,수출입 기업,전자 응용 절삭기계 제조업
한국이에스지데이터,중소기업,컴퓨터시스템 통합 자문 및 구축 서비스업
한국이에스지데이터,주식회사,컴퓨터시스템 통합 자문 및 구축 서비스업
뉴로다임,중소기업,""
뉴로다임,주식회사,""
옵트에이아이,중소기업,응용 소프트웨어 개발 및 공급업
인공지능팩토리,중소기업,응용 소프트웨어 개발 및 공급업
인공지능팩토리,주식회사,응용 소프트웨어 개발 및 공급업
인공지능팩토리,외부감사법인,응용 소프트웨어 개발 및 공급업
씨맥스,중소기업,응용 소프트웨어 개발 및 공급업
씨맥스,주식회사,응용 소프트웨어 개발 및 공급업
피엠인터내셔널코리아,중소기업,커피 및 차류 도매업
피엠인터내셔널코리아,외국인 투자기업,커피 및 차류 도매업
피엠인터내셔널코리아,유한회사,커피 및 차류 도매업
유씨아이,중소기업,컴퓨터시설 관리업
유씨아이,주식회사,컴퓨터시설 관리업
슈어소프트테크,스타트업,응용 소프트웨어 개발 및 공급업
슈어소프트테크,중소기업,응용 소프트웨어 개발 및 공급업
슈어소프트테크,코스닥,응용 소프트웨어 개발 및 공급업
슈어소프트테크,주식회사,응용 소프트웨어 개발 및 공급업
슈어소프트테크,병역특례 인증업체,응용 소프트웨어 개발 및 공급업
딥인사이트,중소기업,컴퓨터 프로그래밍 서비스업
딥인사이트,주식회사,컴퓨터 프로그래밍 서비스업
딥인사이트,연구소,컴퓨터 프로그래밍 서비스업
에프에스솔루션,중소기업,응용 소프트웨어 개발 및 공급업
에프에스솔루션,주식회사,응용 소프트웨어 개발 및 공급업
에프에스솔루션,연구소,응용 소프트웨어 개발 및 공급업
엑소시스템즈,스타트업,전기식 진단 및 요법 기기 제조업
엑소시스템즈,중소기업,전기식 진단 및 요법 기기 제조업
엑소시스템즈,주식회사,전기식 진단 및 요법 기기 제조업
엑소시스템즈,병역특례 인증업체,전기식 진단 및 요법 기기 제조업
엑소시스템즈,수출입 기업,전기식 진단 및 요법 기기 제조업
제너디어스,중소기업,컴퓨터시스템 통합 자문 및 구축 서비스업
아이브,중소기업,산업처리공정 제어장비 제조업
아이브,주식회사,산업처리공정 제어장비 제조업
아이브,병역특례 인증업체,산업처리공정 제어장비 제조업
바로팜,중소기업,전자상거래 소매 중개업
바로팜,병역특례 인증업체,전자상거래 소매 중개업
네비웍스,중소기업,응용 소프트웨어 개발 및 공급업
네비웍스,주식회사,응용 소프트웨어 개발 및 공급업
네비웍스,병역특례 인증업체,응용 소프트웨어 개발 및 공급업
크레스콤,중소기업,그 외 기타 정보 서비스업
크레스콤,주식회사,그 외 기타 정보 서비스업
크레스콤,수출입 기업,그 외 기타 정보 서비스업
건솔루션,중소기업,응용 소프트웨어 개발 및 공급업
건솔루션,주식회사,응용 소프트웨어 개발 및 공급업
클레,중소기업,응용 소프트웨어 개발 및 공급업
클레,주식회사,응용 소프트웨어 개발 및 공급업
클레,수출입 기업,응용 소프트웨어 개발 및 공급업
허드슨에이아이,중소기업,응용 소프트웨어 개발 및 공급업
플랙스뉴럴랩스,중소기업,전자상거래 소매 중개업
인아텍앤코포,"",기계·설비·자동차
바이트사이즈,중소기업,시스템 소프트웨어 개발 및 공급업
바이트사이즈,주식회사,시스템 소프트웨어 개발 및 공급업
셀키,중소기업,의학 및 약학 연구개발업
에어키,중소기업,컴퓨터시스템 통합 자문 및 구축 서비스업
에어키,주식회사,컴퓨터시스템 통합 자문 및 구축 서비스업
에이트테크,중소기업,산업용 로봇 제조업
에이트테크,주식회사,산업용 로봇 제조업
포스로직,중소기업,응용 소프트웨어 개발 및 공급업
포스로직,주식회사,응용 소프트웨어 개발 및 공급업
포스로직,사단법인,응용 소프트웨어 개발 및 공급업
크레셈,중소기업,반도체 제조용 기계 제조업
크레셈,주식회사,반도체 제조용 기계 제조업
크레셈,외부감사법인,반도체 제조용 기계 제조업
크레셈,수출입 기업,반도체 제조용 기계 제조업
티피씨인터넷,중소기업,응용 소프트웨어 개발 및 공급업
에이엠시지,중소기업,그 외 기타 의료용 기기 제조업
에이엠시지,코넥스,그 외 기타 의료용 기기 제조업
에이엠시지,주식회사,그 외 기타 의료용 기기 제조업
에이엠시지,수출입 기업,그 외 기타 의료용 기기 제조업
모멘티어테크놀로지스,중소기업,응용 소프트웨어 개발 및 공급업
쉬모스랩,중소기업,시스템 소프트웨어 개발 및 공급업
유아이엠디,중소기업,시스템 소프트웨어 개발 및 공급업
에이스웍스코리아,스타트업,그 외 자동차용 신품 부품 제조업
에이스웍스코리아,중소기업,그 외 자동차용 신품 부품 제조업
에이스웍스코리아,주식회사,그 외 자동차용 신품 부품 제조업
에이스웍스코리아,연구소,그 외 자동차용 신품 부품 제조업
에이스웍스코리아,병역특례 인증업체,그 외 자동차용 신품 부품 제조업
에이스웍스코리아,수출입 기업,그 외 자동차용 신품 부품 제조업
더아머베어러,중소기업,"화물운송 중개, 대리 및 관련 서비스업"
혜성테크윈,중소기업,유선 통신장비 제조업
혜성테크윈,주식회사,유선 통신장비 제조업
몬드리안에이아이,중소기업,시스템 소프트웨어 개발 및 공급업
몬드리안에이아이,주식회사,시스템 소프트웨어 개발 및 공급업
몬드리안에이아이,연구소,시스템 소프트웨어 개발 및 공급업
몬드리안에이아이,병역특례 인증업체,시스템 소프트웨어 개발 및 공급업
리브스메드,"",""
페이타랩,스타트업,시스템 소프트웨어 개발 및 공급업
페이타랩,중소기업,시스템 소프트웨어 개발 및 공급업
페이타랩,주식회사,시스템 소프트웨어 개발 및 공급업
페이타랩,병역특례 인증업체,시스템 소프트웨어 개발 및 공급업
이너버스,스타트업,시스템 소프트웨어 개발 및 공급업
이너버스,중소기업,시스템 소프트웨어 개발 및 공급업
이너버스,주식회사,시스템 소프트웨어 개발 및 공급업
헬스커넥트,중소기업,응용 소프트웨어 개발 및 공급업
헬스커넥트,외부감사법인,응용 소프트웨어 개발 및 공급업
인크로스,대기업,광고 대행업
인크로스,코스닥,광고 대행업
인크로스,주식회사,광고 대행업
원익피앤이,중견기업,그 외 기타 특수목적용 기계 제조업
원익피앤이,코스닥,그 외 기타 특수목적용 기계 제조업
엘리스그룹,중소기업,""
엘리스그룹,주식회사,""
엘리스그룹,병역특례 인증업체,""
누리인포스,"",응용 소프트웨어 개발 및 공급업
링네트,"",컴퓨터시스템 통합 자문 및 구축 서비스업
한국전자인증,"",시스템 소프트웨어 개발 및 공급업
디지털포토,스타트업,""
디지털포토,중소기업,""
디지털포토,주식회사,""
한국결제네트웍스,중소기업,응용 소프트웨어 개발 및 공급업
한국결제네트웍스,유한회사,응용 소프트웨어 개발 및 공급업
폴라리스쓰리디,중소기업,"기타 측정, 시험, 항해, 제어 및 정밀기기 제조업"
폴라리스쓰리디,주식회사,"기타 측정, 시험, 항해, 제어 및 정밀기기 제조업"
알에프텍,수출입 기업,기타 무선 통신장비 제조업
폴라리스쓰리디,병역특례 인증업체,"기타 측정, 시험, 항해, 제어 및 정밀기기 제조업"
나무기술,중소기업,응용 소프트웨어 개발 및 공급업
나무기술,코스닥,응용 소프트웨어 개발 및 공급업
디에스앤지,중소기업,"컴퓨터 및 주변장치, 소프트웨어 도매업"
디에스앤지,주식회사,"컴퓨터 및 주변장치, 소프트웨어 도매업"
디에스앤지,외부감사법인,"컴퓨터 및 주변장치, 소프트웨어 도매업"
티사이언티픽,스타트업,응용 소프트웨어 개발 및 공급업
티사이언티픽,중소기업,응용 소프트웨어 개발 및 공급업
티사이언티픽,코스닥,응용 소프트웨어 개발 및 공급업
티사이언티픽,주식회사,응용 소프트웨어 개발 및 공급업
티사이언티픽,외부감사법인,응용 소프트웨어 개발 및 공급업
티사이언티픽,병역특례 인증업체,응용 소프트웨어 개발 및 공급업
티사이언티픽,수출입 기업,응용 소프트웨어 개발 및 공급업
메타넷티플랫폼,중견기업,컴퓨터시스템 통합 자문 및 구축 서비스업
메타넷티플랫폼,주식회사,컴퓨터시스템 통합 자문 및 구축 서비스업
메타넷티플랫폼,외부감사법인,컴퓨터시스템 통합 자문 및 구축 서비스업
드림마크원,대기업,통신 재판매업
위드네트웍스,중소기업,응용 소프트웨어 개발 및 공급업
위드네트웍스,주식회사,응용 소프트웨어 개발 및 공급업
위드네트웍스,외부감사법인,응용 소프트웨어 개발 및 공급업
드림라인,대기업,유선 통신업
드림라인,외부감사법인,유선 통신업
FSK L&S,대기업,"화물운송 중개, 대리 및 관련 서비스업"
에스엔에치,중소기업,"컴퓨터 및 주변장치, 소프트웨어 도매업"
안트로젠,중소기업,그 외 기타 상품 전문 도매업
안트로젠,코스닥,그 외 기타 상품 전문 도매업
안트로젠,주식회사,그 외 기타 상품 전문 도매업
안트로젠,외부감사법인,그 외 기타 상품 전문 도매업
대원씨티에스,중견기업,"컴퓨터 및 주변장치, 소프트웨어 도매업"
대원씨티에스,외부감사법인,"컴퓨터 및 주변장치, 소프트웨어 도매업"
포컴퍼니,중소기업,화장품 제조업
포컴퍼니,주식회사,화장품 제조업
포컴퍼니,수출입 기업,화장품 제조업
롯데e커머스,대기업,쇼핑몰·오픈마켓
롯데e커머스,코스피,쇼핑몰·오픈마켓
롯데e커머스,주식회사,쇼핑몰·오픈마켓
롯데e커머스,외부감사법인,쇼핑몰·오픈마켓
시스트란,중소기업,응용 소프트웨어 개발 및 공급업
시스트란,주식회사,응용 소프트웨어 개발 및 공급업
시스트란,외부감사법인,응용 소프트웨어 개발 및 공급업
시스트란,연구소,응용 소프트웨어 개발 및 공급업
웅진,중견기업,지주회사
웅진,코스피,지주회사
웅진,주식회사,지주회사
웅진,외부감사법인,지주회사
이포즌,중소기업,응용 소프트웨어 개발 및 공급업
이포즌,주식회사,응용 소프트웨어 개발 및 공급업
퀀타매트릭스,중소기업,그 외 기타 의료용 기기 제조업
퀀타매트릭스,코스닥,그 외 기타 의료용 기기 제조업
퀀타매트릭스,주식회사,그 외 기타 의료용 기기 제조업
퀀타매트릭스,병역특례 인증업체,그 외 기타 의료용 기기 제조업
포유디지탈,중소기업,컴퓨터 제조업
포유디지탈,주식회사,컴퓨터 제조업
포유디지탈,병역특례 인증업체,컴퓨터 제조업
제로,중소기업,응용 소프트웨어 개발 및 공급업
제로,주식회사,응용 소프트웨어 개발 및 공급업
쿼리시스템즈,중소기업,시스템 소프트웨어 개발 및 공급업
쿼리시스템즈,주식회사,시스템 소프트웨어 개발 및 공급업
코어시큐리티,중소기업,시스템 소프트웨어 개발 및 공급업
코어시큐리티,병역특례 인증업체,시스템 소프트웨어 개발 및 공급업
세기알앤디,중소기업,기타 공학 연구개발업
세기알앤디,외국인 투자기업,기타 공학 연구개발업
세기알앤디,주식회사,기타 공학 연구개발업
세기알앤디,연구소,기타 공학 연구개발업
세기알앤디,수출입 기업,기타 공학 연구개발업
클럼엘,중소기업,응용 소프트웨어 개발 및 공급업
한싹,중소기업,응용 소프트웨어 개발 및 공급업
한싹,코스닥,응용 소프트웨어 개발 및 공급업
한싹,주식회사,응용 소프트웨어 개발 및 공급업
제이엘케이,스타트업,응용 소프트웨어 개발 및 공급업
제이엘케이,중소기업,응용 소프트웨어 개발 및 공급업
제이엘케이,코스닥,응용 소프트웨어 개발 및 공급업
제이엘케이,주식회사,응용 소프트웨어 개발 및 공급업
제이엘케이,외부감사법인,응용 소프트웨어 개발 및 공급업
제이엘케이,연구소,응용 소프트웨어 개발 및 공급업
제이엘케이,병역특례 인증업체,응용 소프트웨어 개발 및 공급업
제이엘케이,수출입 기업,응용 소프트웨어 개발 및 공급업
알에프텍,중견기업,기타 무선 통신장비 제조업
알에프텍,코스닥,기타 무선 통신장비 제조업
알에프텍,주식회사,기타 무선 통신장비 제조업
알에프텍,외부감사법인,기타 무선 통신장비 제조업
에스엔에프코리아,중견기업,그 외 기타 분류 안된 화학제품 제조업
에스엔에프코리아,외국인 투자기업,그 외 기타 분류 안된 화학제품 제조업
에스엔에프코리아,주식회사,그 외 기타 분류 안된 화학제품 제조업
에스엔에프코리아,외부감사법인,그 외 기타 분류 안된 화학제품 제조업
에스엔에프코리아,수출입 기업,그 외 기타 분류 안된 화학제품 제조업
파인더갭,중소기업,""
엠투클라우드,중소기업,컴퓨터 프로그래밍 서비스업
엠투클라우드,주식회사,컴퓨터 프로그래밍 서비스업
엠투클라우드,연구소,컴퓨터 프로그래밍 서비스업
이노아이,중소기업,시스템 소프트웨어 개발 및 공급업
이노아이,주식회사,시스템 소프트웨어 개발 및 공급업
이노아이,외부감사법인,시스템 소프트웨어 개발 및 공급업
엠씨넥스,1000대기업,비디오 및 기타 영상기기 제조업
엠씨넥스,중견기업,비디오 및 기타 영상기기 제조업
엠씨넥스,코스피,비디오 및 기타 영상기기 제조업
엠씨넥스,주식회사,비디오 및 기타 영상기기 제조업
엠씨넥스,외부감사법인,비디오 및 기타 영상기기 제조업
엠씨넥스,병역특례 인증업체,비디오 및 기타 영상기기 제조업
엠씨넥스,수출입 기업,비디오 및 기타 영상기기 제조업
오픈엣지테크놀로지,중소기업,시스템ㆍ응용 소프트웨어 개발 및 공급업
오픈엣지테크놀로지,주식회사,시스템ㆍ응용 소프트웨어 개발 및 공급업
오픈엣지테크놀로지,병역특례 인증업체,시스템ㆍ응용 소프트웨어 개발 및 공급업
메타이노텍,중소기업,""
팜클,중소기업,화학 살균ㆍ살충제 및 농업용 약제 제조업
팜클,주식회사,화학 살균ㆍ살충제 및 농업용 약제 제조업
인텍에프에이,스타트업,그 외 기타 전기장비 제조업
인텍에프에이,중소기업,그 외 기타 전기장비 제조업
인텍에프에이,외부감사법인,그 외 기타 전기장비 제조업
인텍에프에이,병역특례 인증업체,그 외 기타 전기장비 제조업
인텍에프에이,수출입 기업,그 외 기타 전기장비 제조업
엠투아이코퍼레이션,1000대기업,산업처리공정 제어장비 제조업
엠투아이코퍼레이션,중소기업,산업처리공정 제어장비 제조업
엠투아이코퍼레이션,코스닥,산업처리공정 제어장비 제조업
엠투아이코퍼레이션,주식회사,산업처리공정 제어장비 제조업
엠투아이코퍼레이션,외부감사법인,산업처리공정 제어장비 제조업
엠투아이코퍼레이션,수출입 기업,산업처리공정 제어장비 제조업
아이코어,중소기업,비디오 및 기타 영상기기 제조업
아이코어,주식회사,비디오 및 기타 영상기기 제조업
아이코어,수출입 기업,비디오 및 기타 영상기기 제조업
설텍,중소기업,에너지 저장장치 제조업
설텍,주식회사,에너지 저장장치 제조업
설텍,연구소,에너지 저장장치 제조업
설텍,병역특례 인증업체,에너지 저장장치 제조업
설텍,수출입 기업,에너지 저장장치 제조업
인엘씨테크놀러지,중소기업,유선 통신장비 제조업
인엘씨테크놀러지,외국인 투자기업,유선 통신장비 제조업
인엘씨테크놀러지,주식회사,유선 통신장비 제조업
인엘씨테크놀러지,외부감사법인,유선 통신장비 제조업
인엘씨테크놀러지,병역특례 인증업체,유선 통신장비 제조업
인엘씨테크놀러지,수출입 기업,유선 통신장비 제조업
혜연전자,중소기업,연성 및 기타 인쇄회로기판 제조업
혜연전자,주식회사,연성 및 기타 인쇄회로기판 제조업
아이디어스투실리콘,중소기업,응용 소프트웨어 개발 및 공급업
에프알텍,"",기타 무선 통신장비 제조업
아세아텍,"",농업 및 임업용 기계 제조업
쏠리드윈텍,중소기업,기타 무선 통신장비 제조업
에스디티,중소기업,전기ㆍ전자공학 연구개발업
에스디티,주식회사,전기ㆍ전자공학 연구개발업
에스디티,병역특례 인증업체,전기ㆍ전자공학 연구개발업
코아비스,"",그 외 자동차용 신품 부품 제조업
오버컴테크,중소기업,산업처리공정 제어장비 제조업
오버컴테크,주식회사,산업처리공정 제어장비 제조업
쿤텍,중소기업,시스템 소프트웨어 개발 및 공급업
쿤텍,주식회사,시스템 소프트웨어 개발 및 공급업
쿤텍,연구소,시스템 소프트웨어 개발 및 공급업
쿤텍,병역특례 인증업체,시스템 소프트웨어 개발 및 공급업
라닉스,중소기업,비메모리용 및 기타 전자집적회로 제조업
라닉스,코스닥,비메모리용 및 기타 전자집적회로 제조업
라닉스,주식회사,비메모리용 및 기타 전자집적회로 제조업
블루텍,중소기업,유선 통신장비 제조업
블루텍,주식회사,유선 통신장비 제조업
캐스트프로,중소기업,기타 무선 통신장비 제조업
캐스트프로,주식회사,기타 무선 통신장비 제조업
캐스트프로,연구소,기타 무선 통신장비 제조업
캐스트프로,수출입 기업,기타 무선 통신장비 제조업
디아이,중견기업,"전자기 측정, 시험 및 분석기구 제조업"
디아이,코스피,"전자기 측정, 시험 및 분석기구 제조업"
디아이,주식회사,"전자기 측정, 시험 및 분석기구 제조업"
디아이,외부감사법인,"전자기 측정, 시험 및 분석기구 제조업"
디아이,수출입 기업,"전자기 측정, 시험 및 분석기구 제조업"
유버,스타트업,""
유버,외국 법인기업,""
유버,주식회사,""
유버,연구소,""
유버,병역특례 인증업체,""
유버,수출입 기업,""
그리드큐어,중소기업,"그 외 기타 분류 안된 전문, 과학 및 기술 서비스업"
그리드큐어,주식회사,"그 외 기타 분류 안된 전문, 과학 및 기술 서비스업"
스트라티오코리아,스타트업,컴퓨터시스템 통합 자문 및 구축 서비스업
스트라티오코리아,중소기업,컴퓨터시스템 통합 자문 및 구축 서비스업
스트라티오코리아,주식회사,컴퓨터시스템 통합 자문 및 구축 서비스업
스트라티오코리아,병역특례 인증업체,컴퓨터시스템 통합 자문 및 구축 서비스업
스트라티오코리아,수출입 기업,컴퓨터시스템 통합 자문 및 구축 서비스업
칩스앤미디어,중소기업,비메모리용 및 기타 전자집적회로 제조업
칩스앤미디어,코넥스,비메모리용 및 기타 전자집적회로 제조업
칩스앤미디어,주식회사,비메모리용 및 기타 전자집적회로 제조업
칩스앤미디어,외부감사법인,비메모리용 및 기타 전자집적회로 제조업
칩스앤미디어,연구소,비메모리용 및 기타 전자집적회로 제조업
칩스앤미디어,병역특례 인증업체,비메모리용 및 기타 전자집적회로 제조업
칩스앤미디어,수출입 기업,비메모리용 및 기타 전자집적회로 제조업
금영제너럴,중소기업,승강기 제조업
금영제너럴,외부감사법인,승강기 제조업
금영제너럴,연구소,승강기 제조업
금영제너럴,병역특례 인증업체,승강기 제조업
금영제너럴,수출입 기업,승강기 제조업
하이비젼시스템,중견기업,"사진기, 영사기 및 관련 장비 제조업"
하이비젼시스템,코스닥,"사진기, 영사기 및 관련 장비 제조업"
하이비젼시스템,외부감사법인,"사진기, 영사기 및 관련 장비 제조업"
하이비젼시스템,수출입 기업,"사진기, 영사기 및 관련 장비 제조업"
긴트,중소기업,자동차용 신품 전기장치 제조업
긴트,주식회사,자동차용 신품 전기장치 제조업
긴트,외부감사법인,자동차용 신품 전기장치 제조업
긴트,연구소,자동차용 신품 전기장치 제조업
긴트,병역특례 인증업체,자동차용 신품 전기장치 제조업
긴트,수출입 기업,자동차용 신품 전기장치 제조업
씨브이네트,대기업,내부 통신배선 공사업
씨브이네트,외부감사법인,내부 통신배선 공사업
태하,"",산업용 로봇 제조업
엠트리센,중소기업,경영 컨설팅업
엠트리센,주식회사,경영 컨설팅업
엠트리센,외부감사법인,경영 컨설팅업
엠트리센,수출입 기업,경영 컨설팅업
인터콘시스템스,중소기업,철도차량 부품 및 관련 장치물 제조업
이카루스,"",기계·설비·자동차
엔클로니,중소기업,"물질 검사, 측정 및 분석기구 제조업"
엔클로니,주식회사,"물질 검사, 측정 및 분석기구 제조업"
엔클로니,병역특례 인증업체,"물질 검사, 측정 및 분석기구 제조업"
(주)트래딧,중소기업,절삭가공 및 유사처리업
(주)트래딧,주식회사,절삭가공 및 유사처리업
(주)트래딧,사단법인,절삭가공 및 유사처리업
(주)트래딧,수출입 기업,절삭가공 및 유사처리업
블루닷,중소기업,시스템 소프트웨어 개발 및 공급업
블루닷,주식회사,시스템 소프트웨어 개발 및 공급업
블루닷,병역특례 인증업체,시스템 소프트웨어 개발 및 공급업
슈프리마,중소기업,유선 통신장비 제조업
슈프리마,코스닥,유선 통신장비 제조업
슈프리마,주식회사,유선 통신장비 제조업
10가트,중소기업,전자상거래 소매업
파이,중소기업,전기식 진단 및 요법 기기 제조업
파이,주식회사,전기식 진단 및 요법 기기 제조업
파이,수출입 기업,전기식 진단 및 요법 기기 제조업
미라텍,중소기업,기타 자연과학 연구개발업
미라텍,수출입 기업,기타 자연과학 연구개발업
프리시젼바이오,중소기업,그 외 기타 의료용 기기 제조업
프리시젼바이오,코스닥,그 외 기타 의료용 기기 제조업
프리시젼바이오,주식회사,그 외 기타 의료용 기기 제조업
프리시젼바이오,외부감사법인,그 외 기타 의료용 기기 제조업
프리시젼바이오,연구소,그 외 기타 의료용 기기 제조업
프리시젼바이오,병역특례 인증업체,그 외 기타 의료용 기기 제조업
프리시젼바이오,수출입 기업,그 외 기타 의료용 기기 제조업
아이비젼웍스,중소기업,그 외 기타 특수목적용 기계 제조업
아이비젼웍스,코스닥,그 외 기타 특수목적용 기계 제조업
아이비젼웍스,주식회사,그 외 기타 특수목적용 기계 제조업
아이비젼웍스,외부감사법인,그 외 기타 특수목적용 기계 제조업
아이비젼웍스,수출입 기업,그 외 기타 특수목적용 기계 제조업
디엑스솔루션,중소기업,응용 소프트웨어 개발 및 공급업
디엑스솔루션,주식회사,응용 소프트웨어 개발 및 공급업
인텔리안테크놀로지스,스타트업,기타 무선 통신장비 제조업
인텔리안테크놀로지스,중소기업,기타 무선 통신장비 제조업
인텔리안테크놀로지스,코스닥,기타 무선 통신장비 제조업
인텔리안테크놀로지스,외부감사법인,기타 무선 통신장비 제조업
인텔리안테크놀로지스,수출입 기업,기타 무선 통신장비 제조업
엠에스코리아,"",시설관리·경비·용역
씨앤지 마이크로웨이브,중소기업,기타 무선 통신장비 제조업
씨앤지 마이크로웨이브,주식회사,기타 무선 통신장비 제조업
씨앤지 마이크로웨이브,수출입 기업,기타 무선 통신장비 제조업
피앤이시스템즈,중소기업,기타 전기 변환장치 제조업
피앤이시스템즈,연구소,기타 전기 변환장치 제조업
피앤이시스템즈,수출입 기업,기타 전기 변환장치 제조업
쿠도커뮤니케이션,중소기업,방송장비 제조업
쿠도커뮤니케이션,주식회사,방송장비 제조업
쿠도커뮤니케이션,수출입 기업,방송장비 제조업
에이디티,1000대기업,기기용 자동측정 및 제어장치 제조업
에이디티,중소기업,기기용 자동측정 및 제어장치 제조업
에이디티,외부감사법인,기기용 자동측정 및 제어장치 제조업
에이디티,수출입 기업,기기용 자동측정 및 제어장치 제조업
이노비즈,중소기업,반도체 제조용 기계 제조업
이노비즈,주식회사,반도체 제조용 기계 제조업
이노비즈,외부감사법인,반도체 제조용 기계 제조업
이노비즈,병역특례 인증업체,반도체 제조용 기계 제조업
이노비즈,수출입 기업,반도체 제조용 기계 제조업
시에라베이스,중소기업,응용 소프트웨어 개발 및 공급업
시에라베이스,주식회사,응용 소프트웨어 개발 및 공급업
이노시뮬레이션,중소기업,시스템 소프트웨어 개발 및 공급업
이노시뮬레이션,코스닥,시스템 소프트웨어 개발 및 공급업
이노시뮬레이션,주식회사,시스템 소프트웨어 개발 및 공급업
이노시뮬레이션,외부감사법인,시스템 소프트웨어 개발 및 공급업
이노시뮬레이션,연구소,시스템 소프트웨어 개발 및 공급업
이노시뮬레이션,병역특례 인증업체,시스템 소프트웨어 개발 및 공급업
이노시뮬레이션,수출입 기업,시스템 소프트웨어 개발 및 공급업
휴네이트,중소기업,기타 전기 변환장치 제조업
휴네이트,주식회사,기타 전기 변환장치 제조업
아이비리더스,중소기업,시스템 소프트웨어 개발 및 공급업
아이비리더스,주식회사,시스템 소프트웨어 개발 및 공급업
아이비리더스,외부감사법인,시스템 소프트웨어 개발 및 공급업
아이비리더스,병역특례 인증업체,시스템 소프트웨어 개발 및 공급업
텔스타,"",기기용 자동측정 및 제어장치 제조업
에이핀테크놀러지,중소기업,유선 온라인 게임 소프트웨어 개발 및 공급업
에이핀테크놀러지,주식회사,유선 온라인 게임 소프트웨어 개발 및 공급업
엔큐리티,중소기업,응용 소프트웨어 개발 및 공급업
엔큐리티,주식회사,응용 소프트웨어 개발 및 공급업
제이피아이헬스케어,중소기업,그 외 기타 의료용 기기 제조업
제이피아이헬스케어,코스닥,그 외 기타 의료용 기기 제조업
제이피아이헬스케어,외부감사법인,그 외 기타 의료용 기기 제조업
제이피아이헬스케어,수출입 기업,그 외 기타 의료용 기기 제조업
제이브이엠,"","용기 세척, 포장 및 충전기 제조업"
미조리장갑,중소기업,""
덴티움,중견기업,치과용 기기 제조업
덴티움,코스피,치과용 기기 제조업
덴티움,주식회사,치과용 기기 제조업
덴티움,외부감사법인,치과용 기기 제조업
덴티움,병역특례 인증업체,치과용 기기 제조업
덴티움,수출입 기업,치과용 기기 제조업
포우,중소기업,""
포씨게이트,중소기업,응용 소프트웨어 개발 및 공급업
포씨게이트,주식회사,응용 소프트웨어 개발 및 공급업
포씨게이트,수출입 기업,응용 소프트웨어 개발 및 공급업
알에프메디컬,중소기업,그 외 기타 의료용 기기 제조업
알에프메디컬,주식회사,그 외 기타 의료용 기기 제조업
알에프메디컬,외부감사법인,그 외 기타 의료용 기기 제조업
알에프메디컬,병역특례 인증업체,그 외 기타 의료용 기기 제조업
알에프메디컬,수출입 기업,그 외 기타 의료용 기기 제조업
비욘드테크,중소기업,"컴퓨터 및 주변장치, 소프트웨어 도매업"
비욘드테크,주식회사,"컴퓨터 및 주변장치, 소프트웨어 도매업"
비욘드테크,외부감사법인,"컴퓨터 및 주변장치, 소프트웨어 도매업"
비욘드테크,연구소,"컴퓨터 및 주변장치, 소프트웨어 도매업"
비욘드테크,병역특례 인증업체,"컴퓨터 및 주변장치, 소프트웨어 도매업"
비욘드테크,수출입 기업,"컴퓨터 및 주변장치, 소프트웨어 도매업"
토모큐브,스타트업,기타 광학기기 제조업
토모큐브,중소기업,기타 광학기기 제조업
토모큐브,코스닥,기타 광학기기 제조업
토모큐브,주식회사,기타 광학기기 제조업
토모큐브,외부감사법인,기타 광학기기 제조업
토모큐브,병역특례 인증업체,기타 광학기기 제조업
토모큐브,수출입 기업,기타 광학기기 제조업
피플앤드테크놀러지,중소기업,응용 소프트웨어 개발 및 공급업
피플앤드테크놀러지,주식회사,응용 소프트웨어 개발 및 공급업
피플앤드테크놀러지,외부감사법인,응용 소프트웨어 개발 및 공급업
제이엔에스,중소기업,반도체 제조용 기계 제조업
제이엔에스,주식회사,반도체 제조용 기계 제조업
제이엔에스,외부감사법인,반도체 제조용 기계 제조업
제이엔에스,수출입 기업,반도체 제조용 기계 제조업
펜타시큐리티,중소기업,시스템 소프트웨어 개발 및 공급업
펜타시큐리티,주식회사,시스템 소프트웨어 개발 및 공급업
펜타시큐리티,외부감사법인,시스템 소프트웨어 개발 및 공급업
펜타시큐리티,병역특례 인증업체,시스템 소프트웨어 개발 및 공급업
펜타시큐리티,수출입 기업,시스템 소프트웨어 개발 및 공급업
린컴퍼니,"",여자용 겉옷 제조업
네오커스,중소기업,경영 컨설팅업
스키아,중소기업,그 외 기타 의료용 기기 제조업
스키아,주식회사,그 외 기타 의료용 기기 제조업
스키아,병역특례 인증업체,그 외 기타 의료용 기기 제조업
에스디바이오센서,중견기업,전기식 진단 및 요법 기기 제조업
에스디바이오센서,코스피,전기식 진단 및 요법 기기 제조업
에스디바이오센서,외국인 투자기업,전기식 진단 및 요법 기기 제조업
에스디바이오센서,주식회사,전기식 진단 및 요법 기기 제조업
에스디바이오센서,외부감사법인,전기식 진단 및 요법 기기 제조업
에스디바이오센서,수출입 기업,전기식 진단 및 요법 기기 제조업
이노버스,중소기업,그 외 기타 일반목적용 기계 제조업
이노버스,병역특례 인증업체,그 외 기타 일반목적용 기계 제조업
클레온,중소기업,응용 소프트웨어 개발 및 공급업
클레온,주식회사,응용 소프트웨어 개발 및 공급업
클레온,병역특례 인증업체,응용 소프트웨어 개발 및 공급업
인졀미,중소기업,응용 소프트웨어 개발 및 공급업
인졀미,주식회사,응용 소프트웨어 개발 및 공급업
트렌드오브데이터,"",솔루션·SI·ERP·CRM
테크핀레이팅스,"",기타금융
어센트코리아,중소기업,응용 소프트웨어 개발 및 공급업
어센트코리아,주식회사,응용 소프트웨어 개발 및 공급업
어센트코리아,수출입 기업,응용 소프트웨어 개발 및 공급업
와탭랩스,스타트업,응용 소프트웨어 개발 및 공급업
와탭랩스,중소기업,응용 소프트웨어 개발 및 공급업
와탭랩스,주식회사,응용 소프트웨어 개발 및 공급업
와탭랩스,사단법인,응용 소프트웨어 개발 및 공급업
유디아이디,스타트업,응용 소프트웨어 개발 및 공급업
유디아이디,중소기업,응용 소프트웨어 개발 및 공급업
유디아이디,주식회사,응용 소프트웨어 개발 및 공급업
유디아이디,외부감사법인,응용 소프트웨어 개발 및 공급업
스톤위즈,중소기업,시스템 소프트웨어 개발 및 공급업
스톤위즈,주식회사,시스템 소프트웨어 개발 및 공급업
이즈파크,중소기업,응용 소프트웨어 개발 및 공급업
이즈파크,주식회사,응용 소프트웨어 개발 및 공급업
이즈파크,외부감사법인,응용 소프트웨어 개발 및 공급업
아이티로그인,중소기업,"컴퓨터 및 주변장치, 소프트웨어 도매업"
아이티로그인,주식회사,"컴퓨터 및 주변장치, 소프트웨어 도매업"
아이티로그인,외부감사법인,"컴퓨터 및 주변장치, 소프트웨어 도매업"
아일리스프런티어,중소기업,응용 소프트웨어 개발 및 공급업
아일리스프런티어,주식회사,응용 소프트웨어 개발 및 공급업
프로게이트테크놀로지,중소기업,전기용 기계ㆍ장비 및 관련 기자재 도매업
텔코웨어,중소기업,응용 소프트웨어 개발 및 공급업
텔코웨어,코스피,응용 소프트웨어 개발 및 공급업
텔코웨어,주식회사,응용 소프트웨어 개발 및 공급업
텔코웨어,외부감사법인,응용 소프트웨어 개발 및 공급업
텔코웨어,연구소,응용 소프트웨어 개발 및 공급업
텔코웨어,수출입 기업,응용 소프트웨어 개발 및 공급업
플래닝고,중소기업,""
플래닝고,주식회사,""
팀블랙버드,중소기업,응용 소프트웨어 개발 및 공급업
팀블랙버드,주식회사,응용 소프트웨어 개발 및 공급업
