행정구역명,경제활동인구 (천명),시도명,시군구명,lat,lon,closest_sidos,closest_sigungu
서울특별시 종로구,74,서울특별시,종로구,37.5806949,126.9827989,경기도;인천광역시,서울특별시 중구;서울특별시 성북구;서울특별시 서대문구;서울특별시 동대문구;서울특별시 성동구
서울특별시 중구,74,서울특별시,중구,37.5636559,126.9975097,경기도;인천광역시,서울특별시 종로구;서울특별시 성북구;서울특별시 성동구;서울특별시 용산구;서울특별시 동대문구
서울특별시 용산구,116,서울특별시,용산구,37.5323,126.99,경기도;인천광역시,서울특별시 중구;서울특별시 동작구;서울특별시 강남구;서울특별시 성동구;서울특별시 종로구
서울특별시 성동구,154,서울특별시,성동구,37.5635,127.0365,경기도;인천광역시,서울특별시 동대문구;서울특별시 성북구;서울특별시 중구;서울특별시 광진구;서울특별시 종로구
서울특별시 광진구,206,서울특별시,광진구,37.5384,127.0828,경기도;인천광역시,서울특별시 송파구;서울특별시 강동구;서울특별시 강남구;서울특별시 성동구;서울특별시 동대문구
서울특별시 동대문구,186,서울특별시,동대문구,37.5741982,127.0395092,경기도;인천광역시,서울특별시 성동구;서울특별시 성북구;서울특별시 중구;서울특별시 종로구;서울특별시 광진구
서울특별시 중랑구,210,서울특별시,중랑구,37.6063,127.093,경기도;인천광역시,서울특별시 동대문구;서울특별시 노원구;경기도 구리시;서울특별시 성동구;서울특별시 성북구
서울특별시 성북구,227,서울특별시,성북구,37.59,127.0165,경기도;인천광역시,서울특별시 동대문구;서울특별시 종로구;서울특별시 중구;서울특별시 성동구;서울특별시 강북구
서울특별시 강북구,142,서울특별시,강북구,37.6395,127.0255,경기도;인천광역시,서울특별시 노원구;서울특별시 도봉구;서울특별시 성북구;서울특별시 중랑구;서울특별시 동대문구
서울특별시 도봉구,165,서울특별시,도봉구,37.6686,127.0466,경기도;인천광역시,서울특별시 노원구;서울특별시 강북구;경기도 의정부시;서울특별시 중랑구;서울특별시 성북구
서울특별시 노원구,254,서울특별시,노원구,37.654,127.0567,경기도;인천광역시,서울특별시 도봉구;서울특별시 강북구;서울특별시 중랑구;서울특별시 성북구;서울특별시 동대문구
서울특별시 은평구,248,서울특별시,은평구,37.6024,126.9293,경기도;인천광역시,서울특별시 서대문구;서울특별시 마포구;서울특별시 종로구;서울특별시 중구;서울특별시 성북구
서울특별시 서대문구,177,서울특별시,서대문구,37.5790747,126.9367861,경기도;인천광역시,서울특별시 은평구;서울특별시 마포구;서울특별시 종로구;서울특별시 중구;서울특별시 영등포구
서울특별시 마포구,207,서울특별시,마포구,37.566571,126.9015317,경기도;인천광역시,서울특별시 서대문구;서울특별시 영등포구;서울특별시 은평구;서울특별시 강서구;서울특별시 양천구
서울특별시 양천구,224,서울특별시,양천구,37.5171,126.8663,경기도;인천광역시,서울특별시 영등포구;서울특별시 구로구;서울특별시 강서구;경기도 광명시;서울특별시 마포구
서울특별시 강서구,319,서울특별시,강서구,37.5509,126.8497,인천광역시;경기도,서울특별시 양천구;서울특별시 마포구;서울특별시 영등포구;경기도 부천시;서울특별시 구로구
서울특별시 구로구,242,서울특별시,구로구,37.4951999,126.8877,경기도;인천광역시,경기도 광명시;서울특별시 양천구;서울특별시 영등포구;서울특별시 금천구;서울특별시 동작구
서울특별시 금천구,140,서울특별시,금천구,37.4565,126.8954,경기도;인천광역시,경기도 광명시;서울특별시 구로구;서울특별시 관악구;서울특별시 양천구;서울특별시 동작구
서울특별시 영등포구,242,서울특별시,영등포구,37.5262,126.8959,경기도;인천광역시,서울특별시 양천구;서울특별시 구로구;서울특별시 동작구;서울특별시 마포구;서울특별시 강서구
서울특별시 동작구,222,서울특별시,동작구,37.5120999,126.9395,경기도;인천광역시,서울특별시 관악구;서울특별시 영등포구;서울특별시 구로구;서울특별시 용산구;서울특별시 양천구
서울특별시 관악구,297,서울특별시,관악구,37.4782,126.9518,경기도;인천광역시,서울특별시 동작구;서울특별시 금천구;서울특별시 구로구;서울특별시 용산구;서울특별시 서초구
서울특별시 서초구,202,서울특별시,서초구,37.4835,127.0322,경기도;인천광역시,서울특별시 강남구;서울특별시 용산구;서울특별시 관악구;서울특별시 송파구;서울특별시 광진구
서울특별시 강남구,282,서울특별시,강남구,37.5177,127.0473,경기도;인천광역시,서울특별시 광진구;서울특별시 서초구;서울특별시 송파구;서울특별시 성동구;서울특별시 용산구
서울특별시 송파구,351,서울특별시,송파구,37.5145,127.1058,경기도;인천광역시,서울특별시 강동구;서울특별시 광진구;서울특별시 강남구;서울특별시 서초구;서울특별시 성동구
서울특별시 강동구,260,서울특별시,강동구,37.53,127.1237,경기도;인천광역시,서울특별시 송파구;서울특별시 광진구;서울특별시 강남구;경기도 구리시;경기도 하남시
부산광역시 중구,23,부산광역시,중구,35.106501,129.0325814,울산광역시;경상남도,부산광역시 서구;부산광역시 동구;부산광역시 영도구;부산광역시 사하구;부산광역시 남구
부산광역시 서구,52,부산광역시,서구,35.0974999,129.0241,울산광역시;경상남도,부산광역시 중구;부산광역시 동구;부산광역시 영도구;부산광역시 사하구;부산광역시 사상구
부산광역시 동구,46,부산광역시,동구,35.129,129.0455,울산광역시;경상남도,부산광역시 중구;부산광역시 남구;부산광역시 부산진구;부산광역시 서구;부산광역시 영도구
부산광역시 영도구,50,부산광역시,영도구,35.0908,129.0678,울산광역시;경상남도,부산광역시 중구;부산광역시 서구;부산광역시 동구;부산광역시 남구;부산광역시 수영구
부산광역시 부산진구,195,부산광역시,부산진구,35.1632335,129.0529462,울산광역시;경상남도,부산광역시 연제구;부산광역시 동구;부산광역시 남구;부산광역시 동래구;부산광역시 사상구
부산광역시 동래구,134,부산광역시,동래구,35.2052,129.0837,울산광역시;경상남도,부산광역시 연제구;부산광역시 금정구;부산광역시 부산진구;부산광역시 수영구;부산광역시 남구
부산광역시 남구,132,부산광역시,남구,35.1361,129.0843999,울산광역시;경상남도,부산광역시 수영구;부산광역시 동구;부산광역시 부산진구;부산광역시 연제구;부산광역시 영도구
부산광역시 북구,136,부산광역시,북구,35.1969,128.9901999,울산광역시;경상남도,부산광역시 강서구;부산광역시 사상구;부산광역시 부산진구;부산광역시 연제구;부산광역시 동래구
부산광역시 해운대구,178,부산광역시,해운대구,35.1629,129.1638,울산광역시;경상남도,부산광역시 수영구;부산광역시 남구;부산광역시 연제구;부산광역시 동래구;부산광역시 부산진구
부산광역시 사하구,153,부산광역시,사하구,35.1041,128.9751,울산광역시;경상남도,부산광역시 서구;부산광역시 중구;부산광역시 사상구;부산광역시 동구;부산광역시 영도구
부산광역시 금정구,109,부산광역시,금정구,35.2429,129.0926,울산광역시;경상남도,부산광역시 동래구;부산광역시 연제구;부산광역시 부산진구;부산광역시 북구;부산광역시 강서구
부산광역시 강서구,84,부산광역시,강서구,35.212,128.9805,울산광역시;경상남도,부산광역시 북구;부산광역시 사상구;경상남도 김해시;부산광역시 부산진구;부산광역시 동래구
부산광역시 연제구,109,부산광역시,연제구,35.1765,129.0793,울산광역시;경상남도,부산광역시 부산진구;부산광역시 동래구;부산광역시 남구;부산광역시 수영구;부산광역시 동구
부산광역시 수영구,86,부산광역시,수영구,35.1454,129.1127,울산광역시;경상남도,부산광역시 남구;부산광역시 연제구;부산광역시 해운대구;부산광역시 부산진구;부산광역시 동구
부산광역시 사상구,111,부산광역시,사상구,35.1521,128.9911,울산광역시;경상남도,부산광역시 북구;부산광역시 사하구;부산광역시 동구;부산광역시 부산진구;부산광역시 중구
부산광역시 기장군,88,부산광역시,기장군,35.2447818,129.2215462,울산광역시;경상남도,부산광역시 해운대구;부산광역시 금정구;부산광역시 동래구;부산광역시 수영구;부산광역시 연제구
대구광역시 중구,54,대구광역시,중구,35.8692588,128.6059471,경상북도;경상남도,대구광역시 수성구;대구광역시 남구;대구광역시 북구;대구광역시 동구;대구광역시 서구
대구광역시 동구,169,대구광역시,동구,35.8865,128.6355,경상북도;울산광역시,대구광역시 수성구;대구광역시 중구;대구광역시 북구;대구광역시 남구;대구광역시 서구
대구광역시 서구,80,대구광역시,서구,35.8716,128.5591,경상북도;경상남도,대구광역시 북구;대구광역시 중구;대구광역시 남구;대구광역시 달서구;대구광역시 수성구
대구광역시 남구,72,대구광역시,남구,35.845728,128.5977207,경상북도;경상남도,대구광역시 중구;대구광역시 수성구;대구광역시 서구;대구광역시 북구;대구광역시 동구
대구광역시 북구,223,대구광역시,북구,35.8855,128.5828858,경상북도;경상남도,대구광역시 서구;대구광역시 중구;대구광역시 남구;대구광역시 동구;대구광역시 수성구
대구광역시 수성구,189,대구광역시,수성구,35.8584,128.6305,경상북도;울산광역시,대구광역시 중구;대구광역시 동구;대구광역시 남구;대구광역시 북구;대구광역시 서구
대구광역시 달서구,275,대구광역시,달서구,35.8297006,128.533094,경상북도;경상남도,대구광역시 서구;대구광역시 남구;대구광역시 북구;대구광역시 중구;대구광역시 수성구
대구광역시 달성군,141,대구광역시,달성군,35.7753,128.4312,경상남도;경상북도,대구광역시 달서구;대구광역시 서구;경상북도 고령군;대구광역시 남구;대구광역시 북구
대구광역시 군위군,15,대구광역시,군위군,36.2425017,128.5732027,경상북도;충청북도,경상북도 의성군;경상북도 구미시;경상북도 칠곡군;경상북도 안동시;대구광역시 북구
인천광역시 중구,97,인천광역시,중구,37.4735389,126.6214081,서울특별시;경기도,인천광역시 동구;인천광역시 미추홀구;인천광역시 연수구;인천광역시 서구;인천광역시 부평구
인천광역시 동구,32,인천광역시,동구,37.4736019,126.643227,서울특별시;경기도,인천광역시 미추홀구;인천광역시 중구;인천광역시 연수구;인천광역시 부평구;인천광역시 남동구
인천광역시 연수구,229,인천광역시,연수구,37.4098,126.6787,서울특별시;경기도,인천광역시 남동구;인천광역시 미추홀구;인천광역시 동구;인천광역시 중구;경기도 시흥시
인천광역시 남동구,276,인천광역시,남동구,37.446902,126.7315126,서울특별시;경기도,인천광역시 연수구;인천광역시 부평구;인천광역시 미추홀구;인천광역시 동구;인천광역시 계양구
인천광역시 부평구,289,인천광역시,부평구,37.5070221,126.7220068,서울특별시;경기도,인천광역시 계양구;인천광역시 서구;인천광역시 남동구;경기도 부천시;인천광역시 동구
인천광역시 계양구,159,인천광역시,계양구,37.5373539,126.7379078,서울특별시;경기도,인천광역시 부평구;경기도 부천시;인천광역시 서구;경기도 김포시;서울특별시 강서구
인천광역시 서구,370,인천광역시,서구,37.545,126.676,서울특별시;경기도,인천광역시 계양구;인천광역시 부평구;인천광역시 동구;경기도 김포시;인천광역시 중구
인천광역시 미추홀구,241,인천광역시,미추홀구,37.4636,126.6502,서울특별시;경기도,인천광역시 동구;인천광역시 중구;인천광역시 연수구;인천광역시 남동구;인천광역시 부평구
인천광역시 강화군,41,인천광역시,강화군,37.746,126.488,서울특별시;경기도,인천광역시 옹진군;경기도 김포시;인천광역시 서구;인천광역시 계양구;인천광역시 중구
인천광역시 옹진군,12,인천광역시,옹진군,37.533,126.429,서울특별시;경기도,인천광역시 중구;인천광역시 동구;인천광역시 미추홀구;인천광역시 서구;인천광역시 강화군
광주광역시 동구,64,광주광역시,동구,35.1462,126.9229,전라남도;전북특별자치도,광주광역시 남구;광주광역시 서구;광주광역시 북구;전라남도 화순군;광주광역시 광산구
광주광역시 서구,153,광주광역시,서구,35.1521401,126.8900561,전라남도;전북특별자치도,광주광역시 남구;광주광역시 동구;광주광역시 북구;광주광역시 광산구;전라남도 화순군
광주광역시 남구,113,광주광역시,남구,35.1327,126.9025,전라남도;전북특별자치도,광주광역시 동구;광주광역시 서구;광주광역시 북구;광주광역시 광산구;전라남도 화순군
광주광역시 북구,240,광주광역시,북구,35.1741,126.9122,전라남도;전북특별자치도,광주광역시 서구;광주광역시 동구;광주광역시 남구;광주광역시 광산구;전라남도 화순군
광주광역시 광산구,227,광주광역시,광산구,35.1396428,126.7938232,전라남도;전북특별자치도,광주광역시 서구;광주광역시 남구;광주광역시 북구;광주광역시 동구;전라남도 나주시
대전광역시 동구,118,대전광역시,동구,36.3120051,127.4554285,충청북도;충청남도,대전광역시 중구;대전광역시 대덕구;대전광역시 서구;충청북도 옥천군;대전광역시 유성구
대전광역시 중구,119,대전광역시,중구,36.3254103,127.4211723,충청남도;충청북도,대전광역시 대덕구;대전광역시 동구;대전광역시 서구;대전광역시 유성구;충청북도 옥천군
대전광역시 서구,257,대전광역시,서구,36.3551786,127.3838487,충청남도;충청북도,대전광역시 유성구;대전광역시 대덕구;대전광역시 중구;대전광역시 동구;충청남도 계룡시
대전광역시 유성구,216,대전광역시,유성구,36.3620732,127.3564099,충청남도;충청북도,대전광역시 서구;대전광역시 대덕구;대전광역시 중구;대전광역시 동구;충청남도 계룡시
대전광역시 대덕구,97,대전광역시,대덕구,36.3465766,127.4158483,충청남도;충청북도,대전광역시 중구;대전광역시 서구;대전광역시 동구;대전광역시 유성구;충청북도 옥천군
울산광역시 중구,101,울산광역시,중구,35.5693863,129.3327997,부산광역시;대구광역시,울산광역시 북구;울산광역시 남구;울산광역시 울주군;울산광역시 동구;경상북도 경주시
울산광역시 남구,162,울산광역시,남구,35.4984869,129.3459362,부산광역시;대구광역시,울산광역시 동구;울산광역시 중구;울산광역시 북구;울산광역시 울주군;부산광역시 기장군
울산광역시 동구,82,울산광역시,동구,35.5046663,129.4170114,부산광역시;대구광역시,울산광역시 남구;울산광역시 북구;울산광역시 중구;울산광역시 울주군;부산광역시 기장군
울산광역시 북구,113,울산광역시,북구,35.5826,129.3604,부산광역시;대구광역시,울산광역시 중구;울산광역시 남구;울산광역시 동구;울산광역시 울주군;경상북도 경주시
울산광역시 울주군,125,울산광역시,울주군,35.5222362,129.2423693,부산광역시;대구광역시,울산광역시 중구;울산광역시 남구;울산광역시 북구;울산광역시 동구;경상남도 양산시
경기도 수원시,711,경기도,수원시,37.2633325,127.0287472,서울특별시;인천광역시,경기도 용인시;경기도 의왕시;경기도 오산시;경기도 군포시;경기도 안양시
경기도 성남시,497,경기도,성남시,37.3866554,127.1201242,서울특별시;인천광역시,경기도 과천시;서울특별시 서초구;서울특별시 송파구;경기도 안양시;경기도 의왕시
경기도 의정부시,260,경기도,의정부시,37.7362101,127.0408057,서울특별시;인천광역시,서울특별시 도봉구;서울특별시 노원구;서울특별시 강북구;경기도 양주시;서울특별시 중랑구
경기도 안양시,317,경기도,안양시,37.3938528,126.9570605,서울특별시;인천광역시,경기도 과천시;경기도 군포시;경기도 의왕시;서울특별시 금천구;서울특별시 관악구
경기도 부천시,426,경기도,부천시,37.5288774,126.7937471,인천광역시;서울특별시,인천광역시 계양구;서울특별시 강서구;서울특별시 양천구;인천광역시 부평구;경기도 광명시
경기도 광명시,156,경기도,광명시,37.4785475,126.8643937,서울특별시;인천광역시,서울특별시 구로구;서울특별시 금천구;서울특별시 양천구;서울특별시 영등포구;서울특별시 동작구
경기도 평택시,354,경기도,평택시,36.9924966,127.1127168,충청남도;서울특별시,경기도 오산시;경기도 안성시;충청남도 천안시;충청남도 아산시;경기도 용인시
경기도 동두천시,48,경기도,동두천시,37.8930425,127.0578117,서울특별시;인천광역시,경기도 양주시;경기도 포천시;경기도 연천군;경기도 파주시;경기도 의정부시
경기도 안산시,386,경기도,안산시,37.3217152,126.8308604,인천광역시;서울특별시,경기도 시흥시;경기도 군포시;경기도 의왕시;경기도 화성시;경기도 안양시
경기도 고양시,572,경기도,고양시,37.6172511,126.8363154,서울특별시;인천광역시,서울특별시 강서구;서울특별시 마포구;서울특별시 은평구;서울특별시 서대문구;경기도 부천시
경기도 과천시,41,경기도,과천시,37.4187228,126.9896678,서울특별시;인천광역시,경기도 안양시;서울특별시 관악구;경기도 군포시;서울특별시 서초구;서울특별시 금천구
경기도 구리시,107,경기도,구리시,37.5888053,127.1609126,서울특별시;인천광역시,서울특별시 중랑구;경기도 남양주시;경기도 하남시;서울특별시 강동구;서울특별시 광진구
경기도 남양주시,385,경기도,남양주시,37.6359398,127.2165051,서울특별시;인천광역시,경기도 구리시;경기도 하남시;서울특별시 중랑구;서울특별시 노원구;서울특별시 강동구
경기도 오산시,148,경기도,오산시,37.1597051,127.0767008,서울특별시;인천광역시,경기도 용인시;경기도 수원시;경기도 평택시;경기도 의왕시;경기도 화성시
경기도 시흥시,324,경기도,시흥시,37.3395928,126.7570649,인천광역시;서울특별시,경기도 안산시;인천광역시 연수구;인천광역시 남동구;경기도 군포시;인천광역시 미추홀구
경기도 군포시,146,경기도,군포시,37.3615229,126.9349025,서울특별시;인천광역시,경기도 의왕시;경기도 안양시;경기도 과천시;경기도 안산시;서울특별시 금천구
경기도 의왕시,85,경기도,의왕시,37.3343694,126.9622804,서울특별시;인천광역시,경기도 군포시;경기도 안양시;경기도 과천시;경기도 수원시;경기도 안산시
경기도 하남시,181,경기도,하남시,37.5392918,127.214948,서울특별시;인천광역시,경기도 구리시;서울특별시 강동구;서울특별시 송파구;경기도 남양주시;서울특별시 광진구
경기도 용인시,582,경기도,용인시,37.2405847,127.0992779,서울특별시;인천광역시,경기도 수원시;경기도 오산시;경기도 의왕시;경기도 성남시;경기도 군포시
경기도 파주시,281,경기도,파주시,37.864382,126.8706481,서울특별시;인천광역시,경기도 동두천시;경기도 양주시;경기도 의정부시;경기도 연천군;서울특별시 도봉구
경기도 이천시,139,경기도,이천시,37.2808823,127.4429132,서울특별시;충청북도,경기도 광주시;경기도 여주시;경기도 양평군;경기도 용인시;경기도 성남시
경기도 안성시,128,경기도,안성시,37.0115598,127.3276218,충청북도;서울특별시,경기도 평택시;충청북도 진천군;경기도 오산시;충청남도 천안시;경기도 이천시
경기도 김포시,275,경기도,김포시,37.6155683,126.7157798,인천광역시;서울특별시,인천광역시 서구;인천광역시 계양구;경기도 고양시;경기도 부천시;인천광역시 부평구
경기도 화성시,598,경기도,화성시,37.1994653,126.8312632,인천광역시;서울특별시,경기도 안산시;경기도 시흥시;경기도 수원시;경기도 의왕시;경기도 군포시
경기도 광주시,238,경기도,광주시,37.424105,127.376995,서울특별시;인천광역시,경기도 양평군;경기도 이천시;경기도 하남시;경기도 성남시;서울특별시 강동구
경기도 양주시,160,경기도,양주시,37.8430208,127.0630993,서울특별시;인천광역시,경기도 동두천시;경기도 의정부시;경기도 포천시;경기도 파주시;서울특별시 도봉구
경기도 포천시,89,경기도,포천시,37.8948267,127.2007295,서울특별시;인천광역시,경기도 동두천시;경기도 양주시;경기도 연천군;경기도 의정부시;경기도 가평군
경기도 여주시,68,경기도,여주시,37.2982901,127.637033,충청북도;서울특별시,경기도 이천시;경기도 양평군;강원특별자치도 원주시;경기도 광주시;강원특별자치도 횡성군
경기도 연천군,20,경기도,연천군,38.0233051,127.0609695,서울특별시;인천광역시,경기도 동두천시;경기도 포천시;경기도 양주시;경기도 파주시;강원특별자치도 철원군
경기도 가평군,34,경기도,가평군,37.8314,127.5098,서울특별시;강원특별자치도,강원특별자치도 춘천시;경기도 포천시;경기도 남양주시;강원특별자치도 화천군;강원특별자치도 홍천군
경기도 양평군,65,경기도,양평군,37.4916,127.4875,서울특별시;인천광역시,경기도 광주시;경기도 이천시;경기도 하남시;경기도 여주시;경기도 남양주시
강원특별자치도 춘천시,163,강원특별자치도,춘천시,37.8810569,127.7297641,경기도;서울특별시,경기도 가평군;강원특별자치도 홍천군;강원특별자치도 화천군;강원특별자치도 양구군;강원특별자치도 인제군
강원특별자치도 원주시,207,강원특별자치도,원주시,37.3420996,127.9197603,충청북도;경기도,강원특별자치도 횡성군;경기도 여주시;충청북도 제천시;충청북도 충주시;강원특별자치도 홍천군
강원특별자치도 강릉시,118,강원특별자치도,강릉시,37.7525313,128.8759523,충청북도;경상북도,강원특별자치도 동해시;강원특별자치도 삼척시;강원특별자치도 양양군;강원특별자치도 정선군;강원특별자치도 속초시
강원특별자치도 동해시,47,강원특별자치도,동해시,37.5245142,129.1146302,경상북도;충청북도,강원특별자치도 삼척시;강원특별자치도 강릉시;강원특별자치도 태백시;강원특별자치도 정선군;경상북도 울진군
강원특별자치도 태백시,22,강원특별자치도,태백시,37.1637943,128.9857176,경상북도;충청북도,강원특별자치도 삼척시;강원특별자치도 정선군;경상북도 봉화군;경상북도 울진군;강원특별자치도 동해시
강원특별자치도 속초시,45,강원특별자치도,속초시,38.2069574,128.5913424,경기도;서울특별시,강원특별자치도 양양군;강원특별자치도 고성군;강원특별자치도 인제군;강원특별자치도 양구군;강원특별자치도 강릉시
강원특별자치도 삼척시,36,강원특별자치도,삼척시,37.4498745,129.1652969,경상북도;충청북도,강원특별자치도 동해시;강원특별자치도 태백시;강원특별자치도 강릉시;강원특별자치도 정선군;경상북도 울진군
강원특별자치도 홍천군,41,강원특별자치도,홍천군,37.6967,127.8888,경기도;서울특별시,강원특별자치도 횡성군;강원특별자치도 춘천시;경기도 가평군;강원특별자치도 원주시;경기도 양평군
강원특별자치도 횡성군,28,강원특별자치도,횡성군,37.4916,127.985,경기도;충청북도,강원특별자치도 원주시;강원특별자치도 홍천군;경기도 여주시;강원특별자치도 평창군;충청북도 제천시
강원특별자치도 영월군,23,강원특별자치도,영월군,37.1834983,128.4619814,충청북도;경상북도,강원특별자치도 평창군;충청북도 단양군;충청북도 제천시;강원특별자치도 정선군;경상북도 봉화군
강원특별자치도 평창군,27,강원특별자치도,평창군,37.3705,128.3903,충청북도;경기도,강원특별자치도 영월군;강원특별자치도 정선군;충청북도 제천시;강원특별자치도 횡성군;강원특별자치도 원주시
강원특별자치도 정선군,22,강원특별자치도,정선군,37.380456,128.6609485,충청북도;경상북도,강원특별자치도 평창군;강원특별자치도 영월군;강원특별자치도 태백시;강원특별자치도 동해시;강원특별자치도 삼척시
강원특별자치도 철원군,21,강원특별자치도,철원군,38.1468023,127.3133,서울특별시;경기도,경기도 연천군;경기도 포천시;강원특별자치도 화천군;경기도 동두천시;경기도 가평군
강원특별자치도 화천군,12,강원특별자치도,화천군,38.1063,127.708,서울특별시;경기도,강원특별자치도 양구군;강원특별자치도 춘천시;강원특별자치도 철원군;경기도 가평군;강원특별자치도 인제군
강원특별자치도 양구군,11,강원특별자치도,양구군,38.1096812,127.9900596,경기도;서울특별시,강원특별자치도 인제군;강원특별자치도 화천군;강원특별자치도 춘천시;강원특별자치도 홍천군;강원특별자치도 고성군
강원특별자치도 인제군,17,강원특별자치도,인제군,38.0694,128.1706,경기도;서울특별시,강원특별자치도 양구군;강원특별자치도 양양군;강원특별자치도 속초시;강원특별자치도 화천군;강원특별자치도 고성군
강원특별자치도 고성군,19,강원특별자치도,고성군,38.3808,128.4678,경기도;서울특별시,강원특별자치도 속초시;강원특별자치도 양양군;강원특별자치도 인제군;강원특별자치도 양구군;강원특별자치도 화천군
강원특별자치도 양양군,17,강원특별자치도,양양군,38.0751,128.6191,경기도;서울특별시,강원특별자치도 속초시;강원특별자치도 고성군;강원특별자치도 인제군;강원특별자치도 강릉시;강원특별자치도 양구군
충청북도 청주시,511,충청북도,청주시,36.6421169,127.4891742,대전광역시;충청남도,충청북도 증평군;충청북도 진천군;충청북도 보은군;충청북도 괴산군;대전광역시 서구
충청북도 충주시,123,충청북도,충주시,36.9907334,127.9259891,대전광역시;강원특별자치도,충청북도 음성군;충청북도 괴산군;충청북도 제천시;충청북도 증평군;강원특별자치도 원주시
충청북도 제천시,78,충청북도,제천시,37.1326042,128.1913508,강원특별자치도;경상북도,충청북도 단양군;강원특별자치도 영월군;충청북도 충주시;강원특별자치도 평창군;강원특별자치도 원주시
충청북도 보은군,19,충청북도,보은군,36.4890118,127.729242,대전광역시;충청남도,충청북도 옥천군;충청북도 청주시;대전광역시 동구;대전광역시 대덕구;대전광역시 중구
충청북도 옥천군,30,충청북도,옥천군,36.3061692,127.571482,대전광역시;충청남도,대전광역시 동구;대전광역시 중구;대전광역시 대덕구;대전광역시 서구;대전광역시 유성구
충청북도 영동군,28,충청북도,영동군,36.1747588,127.7834432,대전광역시;대구광역시,전북특별자치도 무주군;충청북도 옥천군;충청남도 금산군;경상북도 김천시;대전광역시 동구
충청북도 진천군,61,충청북도,진천군,36.855461,127.4353927,대전광역시;충청남도,충청북도 증평군;경기도 안성시;충청북도 청주시;충청북도 음성군;충청남도 천안시
충청북도 괴산군,22,충청북도,괴산군,36.815,127.7866,대전광역시;충청남도,충청북도 음성군;충청북도 증평군;충청북도 충주시;충청북도 진천군;충청북도 청주시
충청북도 음성군,71,충청북도,음성군,36.94,127.6906,대전광역시;경기도,충청북도 괴산군;충청북도 증평군;충청북도 충주시;충청북도 진천군;경기도 안성시
충청북도 단양군,16,충청북도,단양군,36.9848,128.3659,경상북도;강원특별자치도,충청북도 제천시;강원특별자치도 영월군;경상북도 영주시;경상북도 봉화군;경상북도 예천군
충청북도 증평군,22,충청북도,증평군,36.785213,127.5818159,대전광역시;충청남도,충청북도 진천군;충청북도 청주시;충청북도 괴산군;충청북도 음성군;경기도 안성시
충청남도 천안시,401,충청남도,천안시,36.8150283,127.1140654,대전광역시;충청북도,충청남도 아산시;경기도 평택시;충청남도 예산군;충청북도 진천군;경기도 안성시
충청남도 공주시,59,충청남도,공주시,36.47257,127.09124,대전광역시;충청북도,충청남도 청양군;충청남도 계룡시;대전광역시 유성구;충청남도 부여군;대전광역시 서구
충청남도 보령시,57,충청남도,보령시,36.33401,126.613165,대전광역시;전북특별자치도,충청남도 청양군;충청남도 부여군;충청남도 서천군;충청남도 홍성군;전북특별자치도 군산시
충청남도 아산시,232,충청남도,아산시,36.7899498,127.0026769,대전광역시;충청북도,충청남도 천안시;충청남도 예산군;경기도 평택시;충청남도 당진시;충청남도 공주시
충청남도 서산시,106,충청남도,서산시,36.784499,126.450317,인천광역시;경기도,충청남도 태안군;충청남도 당진시;충청남도 홍성군;충청남도 예산군;충청남도 청양군
충청남도 논산시,67,충청남도,논산시,36.1868154,127.0987538,대전광역시;전북특별자치도,충청남도 계룡시;충청남도 부여군;전북특별자치도 익산시;대전광역시 유성구;대전광역시 서구
충청남도 계룡시,20,충청남도,계룡시,36.275523,127.2472702,대전광역시;전북특별자치도,대전광역시 유성구;대전광역시 서구;대전광역시 중구;충청남도 논산시;대전광역시 대덕구
충청남도 당진시,113,충청남도,당진시,36.8904083,126.6461833,인천광역시;경기도,충청남도 서산시;충청남도 예산군;충청남도 홍성군;충청남도 아산시;충청남도 태안군
충청남도 금산군,32,충청남도,금산군,36.1087249,127.48815,대전광역시;전북특별자치도,전북특별자치도 무주군;대전광역시 동구;충청북도 옥천군;대전광역시 중구;대전광역시 대덕구
충청남도 부여군,38,충청남도,부여군,36.2753678,126.910107,대전광역시;전북특별자치도,충청남도 논산시;충청남도 청양군;충청남도 공주시;충청남도 보령시;충청남도 서천군
충청남도 서천군,30,충청남도,서천군,36.0800688,126.6916052,전북특별자치도;대전광역시,전북특별자치도 군산시;전북특별자치도 익산시;충청남도 보령시;충청남도 부여군;전북특별자치도 김제시
충청남도 청양군,20,충청남도,청양군,36.4587024,126.8019983,대전광역시;전북특별자치도,충청남도 홍성군;충청남도 보령시;충청남도 부여군;충청남도 예산군;충청남도 공주시
충청남도 홍성군,63,충청남도,홍성군,36.6010501,126.6611667,대전광역시;충청북도,충청남도 예산군;충청남도 청양군;충청남도 서산시;충청남도 보령시;충청남도 당진시
충청남도 예산군,52,충청남도,예산군,36.6808989,126.8448742,대전광역시;충청북도,충청남도 아산시;충청남도 홍성군;충청남도 청양군;충청남도 천안시;충청남도 당진시
충청남도 태안군,40,충청남도,태안군,36.7454236,126.29836,인천광역시;경기도,충청남도 서산시;충청남도 당진시;충청남도 홍성군;충청남도 예산군;충청남도 보령시
전북특별자치도 전주시,354,전북특별자치도,전주시,35.8237631,127.1472805,대전광역시;광주광역시,전북특별자치도 완주군;전북특별자치도 익산시;전북특별자치도 김제시;전북특별자치도 진안군;전북특별자치도 임실군
전북특별자치도 군산시,141,전북특별자치도,군산시,35.9679984,126.7369036,충청남도;대전광역시,충청남도 서천군;전북특별자치도 익산시;전북특별자치도 김제시;전북특별자치도 부안군;충청남도 부여군
전북특별자치도 익산시,154,전북특별자치도,익산시,35.9479291,126.9578025,대전광역시;충청남도,전북특별자치도 김제시;전북특별자치도 완주군;전북특별자치도 군산시;전북특별자치도 전주시;충청남도 서천군
전북특별자치도 정읍시,61,전북특별자치도,정읍시,35.5697678,126.8559787,광주광역시;전라남도,전북특별자치도 고창군;전북특별자치도 부안군;전북특별자치도 김제시;전라남도 담양군;전라남도 장성군
전북특별자치도 남원시,45,전북특별자치도,남원시,35.4163118,127.3903713,광주광역시;전라남도,전라남도 곡성군;전라남도 구례군;전북특별자치도 순창군;전북특별자치도 임실군;전북특별자치도 장수군
전북특별자치도 김제시,50,전북특별자치도,김제시,35.803815,126.880557,광주광역시;대전광역시,전북특별자치도 부안군;전북특별자치도 익산시;전북특별자치도 군산시;전북특별자치도 전주시;전북특별자치도 정읍시
전북특별자치도 완주군,61,전북특별자치도,완주군,35.9039,127.1622,대전광역시;충청남도,전북특별자치도 전주시;전북특별자치도 익산시;전북특별자치도 진안군;전북특별자치도 김제시;충청남도 논산시
전북특별자치도 진안군,15,전북특별자치도,진안군,35.7915,127.4252,대전광역시;광주광역시,전북특별자치도 장수군;전북특별자치도 임실군;전북특별자치도 전주시;전북특별자치도 완주군;전북특별자치도 무주군
전북특별자치도 무주군,15,전북특별자치도,무주군,36.007,127.6609,대전광역시;충청북도,충청남도 금산군;충청북도 영동군;전북특별자치도 진안군;충청북도 옥천군;대전광역시 동구
전북특별자치도 장수군,13,전북특별자치도,장수군,35.647,127.5212,대전광역시;광주광역시,전북특별자치도 진안군;전북특별자치도 임실군;경상남도 함양군;전북특별자치도 남원시;경상남도 거창군
전북특별자치도 임실군,15,전북특별자치도,임실군,35.6174,127.2893,광주광역시;대전광역시,전북특별자치도 장수군;전북특별자치도 진안군;전북특별자치도 남원시;전북특별자치도 전주시;전북특별자치도 순창군
전북특별자치도 순창군,16,전북특별자치도,순창군,35.3741,127.1374,광주광역시;전라남도,전라남도 담양군;전라남도 곡성군;전북특별자치도 남원시;광주광역시 북구;전북특별자치도 임실군
전북특별자치도 고창군,31,전북특별자치도,고창군,35.4355,126.7021,광주광역시;전라남도,전라남도 장성군;전북특별자치도 정읍시;전라남도 영광군;전라남도 담양군;전북특별자치도 부안군
전북특별자치도 부안군,30,전북특별자치도,부안군,35.7316783,126.7330195,광주광역시;충청남도,전북특별자치도 김제시;전북특별자치도 정읍시;전북특별자치도 군산시;전북특별자치도 익산시;전북특별자치도 고창군
전라남도 목포시,112,전라남도,목포시,34.7903335,126.3847547,광주광역시;전북특별자치도,전라남도 신안군;전라남도 무안군;전라남도 영암군;전라남도 해남군;전라남도 함평군
전라남도 여수시,146,전라남도,여수시,34.7546257,127.659859,경상남도;광주광역시,전라남도 광양시;경상남도 남해군;전라남도 순천시;경상남도 하동군;전라남도 고흥군
전라남도 순천시,147,전라남도,순천시,34.9639874,127.5506868,광주광역시;경상남도,전라남도 광양시;경상남도 하동군;전라남도 여수시;전라남도 구례군;경상남도 남해군
전라남도 나주시,69,전라남도,나주시,35.0158859,126.7108313,광주광역시;전북특별자치도,광주광역시 광산구;전라남도 함평군;전라남도 무안군;광주광역시 남구;광주광역시 서구
전라남도 광양시,90,전라남도,광양시,34.9406452,127.6959512,경상남도;광주광역시,전라남도 순천시;경상남도 하동군;전라남도 여수시;경상남도 남해군;경상남도 사천시
전라남도 담양군,25,전라남도,담양군,35.320878,126.9883238,광주광역시;전북특별자치도,전북특별자치도 순창군;광주광역시 북구;전라남도 장성군;광주광역시 동구;광주광역시 서구
전라남도 곡성군,17,전라남도,곡성군,35.2818969,127.2914673,광주광역시;전북특별자치도,전북특별자치도 순창군;전북특별자치도 남원시;전라남도 구례군;전라남도 담양군;광주광역시 북구
전라남도 구례군,14,전라남도,구례군,35.2203329,127.473277,광주광역시;전북특별자치도,전라남도 곡성군;전북특별자치도 남원시;전라남도 순천시;경상남도 하동군;전북특별자치도 순창군
전라남도 고흥군,38,전라남도,고흥군,34.6044123,127.276384,광주광역시;경상남도,전라남도 보성군;전라남도 장흥군;전라남도 여수시;전라남도 강진군;전라남도 순천시
전라남도 보성군,23,전라남도,보성군,34.7711356,127.0798978,광주광역시;전북특별자치도,전라남도 장흥군;전라남도 고흥군;전라남도 강진군;전라남도 화순군;전라남도 영암군
전라남도 화순군,35,전라남도,화순군,35.0643095,126.9864311,광주광역시;전북특별자치도,광주광역시 남구;광주광역시 동구;광주광역시 서구;광주광역시 북구;광주광역시 광산구
전라남도 장흥군,21,전라남도,장흥군,34.6811762,126.906996,광주광역시;전북특별자치도,전라남도 강진군;전라남도 보성군;전라남도 영암군;전라남도 고흥군;전라남도 해남군
전라남도 강진군,18,전라남도,강진군,34.641917,126.7669591,광주광역시;전북특별자치도,전라남도 장흥군;전라남도 영암군;전라남도 해남군;전라남도 보성군;전라남도 완도군
전라남도 해남군,40,전라남도,해남군,34.55269,126.52431,광주광역시;제주특별자치도,전라남도 강진군;전라남도 진도군;전라남도 목포시;전라남도 영암군;전라남도 완도군
전라남도 영암군,40,전라남도,영암군,34.800052,126.6970381,광주광역시;전북특별자치도,전라남도 강진군;전라남도 장흥군;전라남도 나주시;전라남도 목포시;전라남도 무안군
전라남도 무안군,54,전라남도,무안군,34.9905794,126.4812377,광주광역시;전북특별자치도,전라남도 함평군;전라남도 신안군;전라남도 나주시;전라남도 목포시;전라남도 영암군
전라남도 함평군,18,전라남도,함평군,35.0656537,126.5166414,광주광역시;전북특별자치도,전라남도 무안군;전라남도 나주시;전라남도 영광군;광주광역시 광산구;전라남도 신안군
전라남도 영광군,28,전라남도,영광군,35.2769282,126.5124504,광주광역시;전북특별자치도,전라남도 함평군;전북특별자치도 고창군;전라남도 장성군;광주광역시 광산구;전라남도 무안군
전라남도 장성군,23,전라남도,장성군,35.3017065,126.7844061,광주광역시;전북특별자치도,전북특별자치도 고창군;광주광역시 광산구;광주광역시 북구;전라남도 담양군;광주광역시 서구
전라남도 완도군,29,전라남도,완도군,34.3110373,126.7553933,광주광역시;제주특별자치도,전라남도 해남군;전라남도 강진군;전라남도 장흥군;전라남도 진도군;전라남도 영암군
전라남도 진도군,19,전라남도,진도군,34.4867515,126.2629264,광주광역시;제주특별자치도,전라남도 해남군;전라남도 목포시;전라남도 신안군;전라남도 완도군;전라남도 강진군
전라남도 신안군,24,전라남도,신안군,34.8331095,126.3522531,광주광역시;전북특별자치도,전라남도 목포시;전라남도 무안군;전라남도 함평군;전라남도 영암군;전라남도 해남군
경상북도 포항시,265,경상북도,포항시,36.0189315,129.3429384,울산광역시;대구광역시,경상북도 경주시;경상북도 영천시;경상북도 영덕군;울산광역시 북구;울산광역시 중구
경상북도 경주시,144,경상북도,경주시,35.8556705,129.2248811,울산광역시;대구광역시,경상북도 포항시;경상북도 영천시;울산광역시 북구;울산광역시 중구;울산광역시 울주군
경상북도 김천시,82,경상북도,김천시,36.1398035,128.1139534,대구광역시;대전광역시,경상북도 구미시;경상북도 성주군;충청북도 영동군;경상북도 상주시;경상북도 칠곡군
경상북도 안동시,87,경상북도,안동시,36.5634886,128.7260798,대구광역시;충청북도,경상북도 의성군;경상북도 예천군;경상북도 영주시;경상북도 청송군;경상북도 영양군
경상북도 구미시,229,경상북도,구미시,36.1195513,128.3444692,대구광역시;충청북도,경상북도 칠곡군;경상북도 김천시;경상북도 성주군;대구광역시 군위군;대구광역시 서구
경상북도 영주시,56,경상북도,영주시,36.805685,128.624054,충청북도;대구광역시,경상북도 봉화군;경상북도 예천군;경상북도 안동시;충청북도 단양군;강원특별자치도 영월군
경상북도 영천시,62,경상북도,영천시,35.98842,128.942,대구광역시;울산광역시,경상북도 경산시;경상북도 경주시;대구광역시 동구;대구광역시 수성구;대구광역시 중구
경상북도 상주시,57,경상북도,상주시,36.4104478,128.1590614,충청북도;대전광역시,경상북도 문경시;경상북도 김천시;경상북도 예천군;경상북도 구미시;충청북도 보은군
경상북도 문경시,39,경상북도,문경시,36.5858541,128.1870612,충청북도;대전광역시,경상북도 상주시;경상북도 예천군;충청북도 보은군;충청북도 괴산군;경상북도 영주시
경상북도 경산시,164,경상북도,경산시,35.825122,128.741329,대구광역시;울산광역시,대구광역시 수성구;대구광역시 동구;대구광역시 남구;대구광역시 중구;대구광역시 북구
경상북도 의성군,32,경상북도,의성군,36.3524,128.697,대구광역시;충청북도,대구광역시 군위군;경상북도 안동시;경상북도 청송군;경상북도 예천군;경상북도 구미시
경상북도 청송군,17,경상북도,청송군,36.4358,129.0571,대구광역시;울산광역시,경상북도 영양군;경상북도 영덕군;경상북도 안동시;경상북도 의성군;대구광역시 군위군
경상북도 영양군,10,경상북도,영양군,36.6664,129.1127,대구광역시;충청북도,경상북도 청송군;경상북도 영덕군;경상북도 안동시;경상북도 봉화군;경상북도 울진군
경상북도 영덕군,19,경상북도,영덕군,36.4149,129.3659,대구광역시;울산광역시,경상북도 청송군;경상북도 영양군;경상북도 포항시;경상북도 안동시;경상북도 의성군
경상북도 청도군,27,경상북도,청도군,35.6473012,128.7348468,대구광역시;울산광역시,경상남도 밀양시;경상북도 경산시;경상남도 창녕군;대구광역시 수성구;대구광역시 남구
경상북도 고령군,19,경상북도,고령군,35.7258,128.2632,대구광역시;경상남도,대구광역시 달성군;경상남도 합천군;경상북도 성주군;대구광역시 달서구;경상남도 창녕군
경상북도 성주군,25,경상북도,성주군,35.9190065,128.283486,대구광역시;경상남도,경상북도 칠곡군;대구광역시 달성군;경상북도 고령군;경상북도 구미시;대구광역시 달서구
경상북도 칠곡군,64,경상북도,칠곡군,35.995,128.4017,대구광역시;경상남도,경상북도 성주군;경상북도 구미시;대구광역시 서구;대구광역시 북구;대구광역시 달서구
경상북도 예천군,31,경상북도,예천군,36.6462999,128.4376,충청북도;대구광역시,경상북도 문경시;경상북도 영주시;경상북도 안동시;경상북도 상주시;경상북도 봉화군
경상북도 봉화군,18,경상북도,봉화군,36.8925,128.7324,충청북도;강원특별자치도,경상북도 영주시;충청북도 단양군;경상북도 안동시;강원특별자치도 태백시;경상북도 예천군
경상북도 울진군,27,경상북도,울진군,36.993,129.4006,강원특별자치도;대구광역시,강원특별자치도 태백시;경상북도 영양군;강원특별자치도 삼척시;경상북도 봉화군;강원특별자치도 동해시
경상북도 울릉군,6,경상북도,울릉군,37.4845293,130.9058854,강원특별자치도;울산광역시,경상북도 울진군;강원특별자치도 삼척시;강원특별자치도 동해시;강원특별자치도 태백시;강원특별자치도 강릉시
경상남도 진주시,198,경상남도,진주시,35.1803459,128.1079953,부산광역시;대구광역시,경상남도 사천시;경상남도 의령군;경상남도 함안군;경상남도 고성군;경상남도 산청군
경상남도 통영시,64,경상남도,통영시,34.854254,128.433205,부산광역시;울산광역시,경상남도 고성군;경상남도 거제시;경상남도 사천시;경상남도 함안군;경상남도 진주시
경상남도 사천시,62,경상남도,사천시,35.003468,128.064562,부산광역시;전라남도,경상남도 진주시;경상남도 고성군;경상남도 남해군;경상남도 하동군;전라남도 광양시
경상남도 김해시,295,경상남도,김해시,35.2310947,128.8908228,부산광역시;울산광역시,부산광역시 강서구;부산광역시 북구;부산광역시 사상구;부산광역시 사하구;부산광역시 부산진구
경상남도 밀양시,58,경상남도,밀양시,35.503839,128.7466992,대구광역시;부산광역시,경상북도 청도군;경상남도 창녕군;경상남도 창원시;경상남도 양산시;경상남도 김해시
경상남도 거제시,139,경상남도,거제시,34.8804677,128.621207,부산광역시;울산광역시,경상남도 통영시;경상남도 고성군;경상남도 창원시;부산광역시 사하구;부산광역시 서구
경상남도 양산시,191,경상남도,양산시,35.3349979,129.0370582,부산광역시;울산광역시,부산광역시 금정구;부산광역시 강서구;부산광역시 동래구;부산광역시 북구;경상남도 김해시
경상남도 창원시,542,경상남도,창원시,35.227956,128.6818586,부산광역시;울산광역시,경상남도 김해시;경상남도 함안군;부산광역시 강서구;부산광역시 북구;부산광역시 사상구
경상남도 의령군,16,경상남도,의령군,35.322003,128.2617827,대구광역시;부산광역시,경상남도 함안군;경상남도 진주시;경상남도 합천군;경상남도 창녕군;경상남도 산청군
경상남도 함안군,35,경상남도,함안군,35.2726875,128.4065038,부산광역시;대구광역시,경상남도 의령군;경상남도 창원시;경상남도 진주시;경상남도 창녕군;경상남도 고성군
경상남도 창녕군,35,경상남도,창녕군,35.5443876,128.4921938,대구광역시;부산광역시,경상남도 밀양시;경상북도 청도군;대구광역시 달성군;경상북도 고령군;경상남도 합천군
경상남도 고성군,30,경상남도,고성군,34.9732784,128.322233,부산광역시;대구광역시,경상남도 통영시;경상남도 사천시;경상남도 거제시;경상남도 진주시;경상남도 함안군
경상남도 남해군,25,경상남도,남해군,34.8374437,127.8925589,전라남도;광주광역시,전라남도 광양시;전라남도 여수시;경상남도 사천시;경상남도 하동군;전라남도 순천시
경상남도 하동군,26,경상남도,하동군,35.0670735,127.7516778,광주광역시;전라남도,전라남도 광양시;전라남도 순천시;경상남도 남해군;경상남도 사천시;전라남도 구례군
경상남도 산청군,22,경상남도,산청군,35.4154624,127.873663,전북특별자치도;대구광역시,경상남도 함양군;경상남도 거창군;경상남도 합천군;경상남도 진주시;경상남도 의령군
경상남도 함양군,22,경상남도,함양군,35.5204145,127.7252966,전북특별자치도;광주광역시,경상남도 산청군;전북특별자치도 장수군;경상남도 거창군;전북특별자치도 남원시;경상남도 합천군
경상남도 거창군,36,경상남도,거창군,35.6872871,127.9138505,대구광역시;전북특별자치도,경상남도 함양군;경상남도 합천군;경상남도 산청군;경상북도 고령군;전북특별자치도 장수군
경상남도 합천군,24,경상남도,합천군,35.5664445,128.1658334,대구광역시;부산광역시,경상북도 고령군;경상남도 거창군;경상남도 의령군;경상남도 창녕군;경상남도 산청군
제주특별자치도 제주시,294,제주특별자치도,제주시,33.4998289,126.5313902,전라남도;광주광역시,제주특별자치도 서귀포시;전라남도 완도군;전라남도 진도군;전라남도 해남군;전라남도 강진군
제주특별자치도 서귀포시,113,제주특별자치도,서귀포시,33.252845,126.5610278,전라남도;광주광역시,제주특별자치도 제주시;전라남도 완도군;전라남도 진도군;전라남도 해남군;전라남도 강진군
